ID,Round,Tframe,home,away,hgoal,agoal,hhgoal,ahgoal,SecHome,SecAway
61,1,2024-08-09,Groningen,NACBreda,4,1,3,0,1,1
57,1,2024-08-10,PSV,Waalwijk,5,1,3,0,2,1
58,1,2024-08-10,AlmereCity,AZAlkmaar,0,1,0,1,0,0
59,1,2024-08-10,Nijmegen,Twente,1,2,1,1,0,1
60,1,2024-08-10,Feyenoord,WillemII,1,1,1,0,0,1
53,1,2024-08-11,Ajax,Heerenveen,1,0,1,0,0,0
54,1,2024-08-11,G.A.Eagles,Sittard,0,2,0,0,0,2
55,1,2024-08-11,Utrecht,Zwolle,1,0,1,0,0,0
56,1,2024-08-11,SpartaRotterdam,Heracles,0,0,0,0,0,0
52,2,2024-08-16,Sittard,AlmereCity,3,0,1,0,2,0
70,1,2024-08-16,ManchesterUtd,Fulham,1,0,0,0,1,0
48,2,2024-08-17,Waalwijk,Groningen,1,2,0,1,1,1
49,2,2024-08-17,AZAlkmaar,Nijmegen,1,0,1,0,0,0
50,2,2024-08-17,Twente,SpartaRotterdam,1,1,0,0,1,1
51,2,2024-08-17,Heerenveen,Utrecht,1,1,0,1,1,0
64,1,2024-08-17,WestHam,AstonVilla,1,2,1,1,0,1
65,1,2024-08-17,Arsenal,Wolves,2,0,1,0,1,0
66,1,2024-08-17,Everton,Brighton,0,3,0,1,0,2
67,1,2024-08-17,Newcastle,Southampton,1,0,1,0,0,0
68,1,2024-08-17,Nottingham,Bournemouth,1,1,1,0,0,1
69,1,2024-08-17,Ipswich,Liverpool,0,2,0,0,0,2
44,2,2024-08-18,NACBreda,Ajax,2,1,0,0,2,1
45,2,2024-08-18,WillemII,G.A.Eagles,2,0,2,0,0,0
46,2,2024-08-18,Zwolle,Feyenoord,1,5,0,1,1,4
47,2,2024-08-18,Heracles,PSV,1,3,1,0,0,3
62,1,2024-08-18,Chelsea,ManchesterCity,0,2,0,1,0,1
63,1,2024-08-18,Brentford,CrystalPalace,2,1,1,0,1,1
61,1,2024-08-19,Leicester,Tottenham,1,1,0,1,1,0
41,3,2024-08-24,NACBreda,Utrecht,1,2,1,0,0,2
42,3,2024-08-24,AlmereCity,PSV,1,7,0,2,1,5
43,3,2024-08-24,Nijmegen,Zwolle,1,0,0,0,1,0
54,2,2024-08-24,AstonVilla,Arsenal,0,2,0,0,0,2
55,2,2024-08-24,CrystalPalace,WestHam,0,2,0,0,0,2
56,2,2024-08-24,Fulham,Leicester,2,1,1,1,1,0
57,2,2024-08-24,ManchesterCity,Ipswich,4,1,3,1,1,0
58,2,2024-08-24,Southampton,Nottingham,0,1,0,0,0,1
59,2,2024-08-24,Tottenham,Everton,4,0,2,0,2,0
60,2,2024-08-24,Brighton,ManchesterUtd,2,1,1,0,1,1
37,3,2024-08-25,G.A.Eagles,Waalwijk,2,0,1,0,1,0
38,3,2024-08-25,Heracles,WillemII,1,1,1,1,0,0
39,3,2024-08-25,SpartaRotterdam,Feyenoord,1,1,1,0,0,1
40,3,2024-08-25,Groningen,AZAlkmaar,0,0,0,0,0,0
51,2,2024-08-25,Liverpool,Brentford,2,0,1,0,1,0
52,2,2024-08-25,Bournemouth,Newcastle,1,1,1,0,0,1
53,2,2024-08-25,Wolves,Chelsea,2,6,2,2,0,4
36,4,2024-08-30,Waalwijk,AZAlkmaar,0,3,0,2,0,1
32,4,2024-08-31,WillemII,SpartaRotterdam,1,2,0,0,1,2
33,4,2024-08-31,Heerenveen,NACBreda,4,0,0,0,4,0
34,4,2024-08-31,Sittard,Nijmegen,0,3,0,2,0,1
35,4,2024-08-31,AlmereCity,Groningen,1,1,1,0,0,1
44,3,2024-08-31,WestHam,ManchesterCity,1,3,1,2,0,1
45,3,2024-08-31,Brentford,Southampton,3,1,1,0,2,1
46,3,2024-08-31,Everton,Bournemouth,2,3,0,0,2,3
47,3,2024-08-31,Ipswich,Fulham,1,1,1,1,0,0
48,3,2024-08-31,Leicester,AstonVilla,1,2,0,1,1,1
49,3,2024-08-31,Nottingham,Wolves,1,1,1,1,0,0
50,3,2024-08-31,Arsenal,Brighton,1,1,1,0,0,1
29,4,2024-09-01,PSV,G.A.Eagles,3,0,2,0,1,0
30,4,2024-09-01,Zwolle,Heracles,3,0,1,0,2,0
31,4,2024-09-01,Utrecht,Twente,2,1,1,1,1,0
41,3,2024-09-01,ManchesterUtd,Liverpool,0,3,0,2,0,1
42,3,2024-09-01,Chelsea,CrystalPalace,1,1,1,0,0,1
43,3,2024-09-01,Newcastle,Tottenham,2,1,1,0,1,1
24,5,2024-09-14,AZAlkmaar,Heerenveen,9,1,2,1,7,0
25,5,2024-09-14,NACBreda,Sittard,1,0,0,0,1,0
26,5,2024-09-14,Groningen,Feyenoord,2,2,0,1,2,1
27,5,2024-09-14,PSV,Nijmegen,2,0,2,0,0,0
28,5,2024-09-14,Twente,Zwolle,1,1,0,1,1,0
33,4,2024-09-14,Bournemouth,Chelsea,0,1,0,0,0,1
34,4,2024-09-14,AstonVilla,Everton,3,2,1,2,2,0
35,4,2024-09-14,Brighton,Ipswich,0,0,0,0,0,0
36,4,2024-09-14,CrystalPalace,Leicester,2,2,0,1,2,1
37,4,2024-09-14,Fulham,WestHam,1,1,1,0,0,1
38,4,2024-09-14,Liverpool,Nottingham,0,1,0,0,0,1
39,4,2024-09-14,ManchesterCity,Brentford,2,1,2,1,0,0
40,4,2024-09-14,Southampton,ManchesterUtd,0,3,0,2,0,1
21,5,2024-09-15,Heracles,AlmereCity,0,0,0,0,0,0
22,5,2024-09-15,WillemII,Waalwijk,3,0,2,0,1,0
23,5,2024-09-15,SpartaRotterdam,G.A.Eagles,1,2,0,1,1,1
31,4,2024-09-15,Wolves,Newcastle,1,2,1,0,0,2
32,4,2024-09-15,Tottenham,Arsenal,0,1,0,0,0,1
20,3,2024-09-17,Twente,Heerenveen,2,0,2,0,0,0
19,3,2024-09-18,Ajax,Sittard,5,0,2,0,3,0
18,6,2024-09-20,Zwolle,AZAlkmaar,1,2,0,1,1,1
14,6,2024-09-21,Nijmegen,Heracles,1,2,1,2,0,0
15,6,2024-09-21,G.A.Eagles,Ajax,1,1,0,0,1,1
16,6,2024-09-21,Waalwijk,SpartaRotterdam,1,2,0,1,1,1
17,6,2024-09-21,Utrecht,WillemII,3,2,2,2,1,0
23,5,2024-09-21,CrystalPalace,ManchesterUtd,0,0,0,0,0,0
24,5,2024-09-21,AstonVilla,Wolves,3,1,0,1,3,0
25,5,2024-09-21,Fulham,Newcastle,3,1,2,0,1,1
26,5,2024-09-21,Leicester,Everton,1,1,0,1,1,0
27,5,2024-09-21,Liverpool,Bournemouth,3,0,3,0,0,0
28,5,2024-09-21,Southampton,Ipswich,1,1,1,0,0,1
29,5,2024-09-21,Tottenham,Brentford,3,1,2,1,1,0
30,5,2024-09-21,WestHam,Chelsea,0,3,0,2,0,1
10,6,2024-09-22,Sittard,PSV,1,3,1,1,0,2
11,6,2024-09-22,AlmereCity,Twente,0,5,0,2,0,3
12,6,2024-09-22,Feyenoord,NACBreda,2,0,1,0,1,0
13,6,2024-09-22,Heerenveen,Groningen,2,1,1,1,1,0
21,5,2024-09-22,ManchesterCity,Arsenal,2,2,1,2,1,0
22,5,2024-09-22,Brighton,Nottingham,2,2,2,1,0,1
9,7,2024-09-27,Heracles,Heerenveen,2,1,1,0,1,1
6,7,2024-09-28,SpartaRotterdam,Sittard,1,1,1,1,0,0
7,7,2024-09-28,Nijmegen,Feyenoord,1,1,1,0,0,1
8,7,2024-09-28,WillemII,PSV,0,2,0,0,0,2
14,6,2024-09-28,Wolves,Liverpool,1,2,0,1,1,1
15,6,2024-09-28,Arsenal,Leicester,4,2,2,0,2,2
16,6,2024-09-28,Brentford,WestHam,1,1,1,0,0,1
17,6,2024-09-28,Chelsea,Brighton,4,2,4,2,0,0
18,6,2024-09-28,Everton,CrystalPalace,2,1,0,1,2,0
19,6,2024-09-28,Nottingham,Fulham,0,1,0,0,0,1
20,6,2024-09-28,Newcastle,ManchesterCity,1,1,0,1,1,0
1,7,2024-09-29,AZAlkmaar,Utrecht,1,2,1,1,0,1
2,7,2024-09-29,Waalwijk,Ajax,0,2,0,0,0,2
3,7,2024-09-29,Groningen,G.A.Eagles,0,1,0,0,0,1
4,7,2024-09-29,Twente,NACBreda,1,0,0,0,1,0
5,7,2024-09-29,Zwolle,AlmereCity,1,0,0,0,1,0
12,6,2024-09-29,ManchesterUtd,Tottenham,0,3,0,1,0,2
13,6,2024-09-29,Ipswich,AstonVilla,2,2,1,2,1,0
11,6,2024-09-30,Bournemouth,Southampton,3,1,3,0,0,1
161,8,2024-10-04,AlmereCity,WillemII,0,1,0,0,0,1
4,7,2024-10-05,Everton,Newcastle,0,0,0,0,0,0
5,7,2024-10-05,Arsenal,Southampton,3,1,0,0,3,1
6,7,2024-10-05,Brentford,Wolves,5,3,4,2,1,1
7,7,2024-10-05,Leicester,Bournemouth,1,0,1,0,0,0
8,7,2024-10-05,ManchesterCity,Fulham,3,2,1,1,2,1
9,7,2024-10-05,WestHam,Ipswich,4,1,2,1,2,0
10,7,2024-10-05,CrystalPalace,Liverpool,0,1,0,1,0,0
158,8,2024-10-05,Utrecht,Waalwijk,3,2,1,1,2,1
159,8,2024-10-05,PSV,SpartaRotterdam,2,1,2,1,0,0
160,8,2024-10-05,NACBreda,Nijmegen,1,0,0,0,1,0
1,7,2024-10-06,Brighton,Tottenham,3,2,0,2,3,0
2,7,2024-10-06,AstonVilla,ManchesterUtd,0,0,0,0,0,0
3,7,2024-10-06,Chelsea,Nottingham,1,1,0,0,1,1
153,8,2024-10-06,Sittard,AZAlkmaar,1,0,0,0,1,0
154,8,2024-10-06,Ajax,Groningen,3,1,1,0,2,1
155,8,2024-10-06,Feyenoord,Twente,2,1,2,0,0,1
156,8,2024-10-06,Heerenveen,Zwolle,1,1,1,1,0,0
157,8,2024-10-06,G.A.Eagles,Heracles,4,1,0,1,4,0
148,9,2024-10-19,G.A.Eagles,Feyenoord,1,5,0,3,1,2
149,9,2024-10-19,Nijmegen,Heerenveen,3,0,1,0,2,0
150,9,2024-10-19,Waalwijk,Twente,2,2,1,1,1,1
151,9,2024-10-19,AZAlkmaar,PSV,1,2,0,2,1,0
152,9,2024-10-19,SpartaRotterdam,AlmereCity,2,2,0,2,2,0
197,8,2024-10-19,Bournemouth,Arsenal,2,0,0,0,2,0
198,8,2024-10-19,Fulham,AstonVilla,1,3,1,1,0,2
199,8,2024-10-19,Ipswich,Everton,0,2,0,2,0,0
200,8,2024-10-19,ManchesterUtd,Brentford,2,1,0,1,2,0
201,8,2024-10-19,Newcastle,Brighton,0,1,0,1,0,0
202,8,2024-10-19,Southampton,Leicester,2,3,2,0,0,3
203,8,2024-10-19,Tottenham,WestHam,4,1,1,1,3,0
144,9,2024-10-20,Zwolle,NACBreda,1,2,0,0,1,2
145,9,2024-10-20,Groningen,Utrecht,0,1,0,1,0,0
146,9,2024-10-20,Heracles,Ajax,3,4,2,2,1,2
147,9,2024-10-20,WillemII,Sittard,0,0,0,0,0,0
195,8,2024-10-20,Liverpool,Chelsea,2,1,1,0,1,1
196,8,2024-10-20,Wolves,ManchesterCity,1,2,1,1,0,1
194,8,2024-10-21,Nottingham,CrystalPalace,1,0,0,0,1,0
143,10,2024-10-25,AlmereCity,Nijmegen,1,0,0,0,1,0
193,9,2024-10-25,Leicester,Nottingham,1,3,1,1,0,2
139,10,2024-10-26,Heerenveen,SpartaRotterdam,2,0,1,0,1,0
140,10,2024-10-26,NACBreda,Waalwijk,4,1,2,1,2,0
141,10,2024-10-26,PSV,Zwolle,6,0,2,0,4,0
142,10,2024-10-26,Sittard,Groningen,1,0,0,0,1,0
188,9,2024-10-26,Everton,Fulham,1,1,0,0,1,1
189,9,2024-10-26,AstonVilla,Bournemouth,1,1,0,0,1,1
190,9,2024-10-26,Brentford,Ipswich,4,3,2,2,2,1
191,9,2024-10-26,Brighton,Wolves,2,2,1,0,1,2
192,9,2024-10-26,ManchesterCity,Southampton,1,0,1,0,0,0
135,10,2024-10-27,AZAlkmaar,G.A.Eagles,2,2,1,0,1,2
136,10,2024-10-27,Ajax,WillemII,1,0,1,0,0,0
137,10,2024-10-27,Twente,Heracles,5,0,2,0,3,0
138,10,2024-10-27,Utrecht,Feyenoord,0,2,0,1,0,1
184,9,2024-10-27,Arsenal,Liverpool,2,2,2,1,0,1
185,9,2024-10-27,Chelsea,Newcastle,2,1,1,1,1,0
186,9,2024-10-27,CrystalPalace,Tottenham,1,0,1,0,0,0
187,9,2024-10-27,WestHam,ManchesterUtd,2,1,0,0,2,1
134,4,2024-10-30,Feyenoord,Ajax,0,2,0,2,0,0
129,11,2024-11-02,Feyenoord,AZAlkmaar,3,2,0,1,3,1
130,11,2024-11-02,Sittard,Heerenveen,3,0,1,0,2,0
131,11,2024-11-02,Ajax,PSV,3,2,1,1,2,1
132,11,2024-11-02,Heracles,NACBreda,2,0,1,0,1,0
133,11,2024-11-02,WillemII,Twente,0,1,0,0,0,1
177,10,2024-11-02,Wolves,CrystalPalace,2,2,0,0,2,2
178,10,2024-11-02,Bournemouth,ManchesterCity,2,1,1,0,1,1
179,10,2024-11-02,Ipswich,Leicester,1,1,0,0,1,1
180,10,2024-11-02,Liverpool,Brighton,2,1,0,1,2,0
181,10,2024-11-02,Nottingham,WestHam,3,0,1,0,2,0
182,10,2024-11-02,Southampton,Everton,1,0,0,0,1,0
183,10,2024-11-02,Newcastle,Arsenal,1,0,1,0,0,0
125,11,2024-11-03,Waalwijk,AlmereCity,2,0,1,0,1,0
126,11,2024-11-03,Nijmegen,Groningen,6,0,3,0,3,0
127,11,2024-11-03,SpartaRotterdam,Utrecht,1,4,0,1,1,3
128,11,2024-11-03,G.A.Eagles,Zwolle,2,2,0,2,2,0
175,10,2024-11-03,ManchesterUtd,Chelsea,1,1,0,0,1,1
176,10,2024-11-03,Tottenham,AstonVilla,4,1,0,1,4,0
174,10,2024-11-04,Fulham,Brentford,2,1,0,1,2,0
124,12,2024-11-08,Utrecht,Heracles,1,0,0,0,1,0
120,12,2024-11-09,Waalwijk,Nijmegen,0,3,0,0,0,3
121,12,2024-11-09,NACBreda,PSV,0,3,0,2,0,1
122,12,2024-11-09,Zwolle,Sittard,3,1,0,1,3,0
123,12,2024-11-09,Groningen,SpartaRotterdam,1,0,1,0,0,0
168,11,2024-11-09,Liverpool,AstonVilla,2,0,1,0,1,0
169,11,2024-11-09,Brighton,ManchesterCity,2,1,0,1,2,0
170,11,2024-11-09,Brentford,Bournemouth,3,2,1,1,2,1
171,11,2024-11-09,CrystalPalace,Fulham,0,2,0,1,0,1
172,11,2024-11-09,WestHam,Everton,0,0,0,0,0,0
173,11,2024-11-09,Wolves,Southampton,2,0,1,0,1,0
116,12,2024-11-10,AZAlkmaar,WillemII,1,2,0,2,1,0
117,12,2024-11-10,Heerenveen,G.A.Eagles,1,0,1,0,0,0
118,12,2024-11-10,Twente,Ajax,2,2,1,0,1,2
119,12,2024-11-10,AlmereCity,Feyenoord,1,4,1,2,0,2
164,11,2024-11-10,Chelsea,Arsenal,1,1,0,0,1,1
165,11,2024-11-10,ManchesterUtd,Leicester,3,0,2,0,1,0
166,11,2024-11-10,Nottingham,Newcastle,1,3,1,0,0,3
167,11,2024-11-10,Tottenham,Ipswich,1,2,0,2,1,0
111,13,2024-11-23,PSV,Groningen,5,0,2,0,3,0
112,13,2024-11-23,Sittard,Twente,1,2,0,1,1,1
113,13,2024-11-23,Feyenoord,Heerenveen,3,0,2,0,1,0
114,13,2024-11-23,Heracles,Waalwijk,2,2,1,0,1,2
115,13,2024-11-23,G.A.Eagles,AlmereCity,3,0,2,0,1,0
157,12,2024-11-23,ManchesterCity,Tottenham,0,4,0,2,0,2
158,12,2024-11-23,Arsenal,Nottingham,3,0,1,0,2,0
159,12,2024-11-23,AstonVilla,CrystalPalace,2,2,1,2,1,0
160,12,2024-11-23,Bournemouth,Brighton,1,2,0,1,1,1
161,12,2024-11-23,Everton,Brentford,0,0,0,0,0,0
162,12,2024-11-23,Fulham,Wolves,1,4,1,1,0,3
163,12,2024-11-23,Leicester,Chelsea,1,2,0,1,1,1
107,13,2024-11-24,Ajax,Zwolle,2,0,1,0,1,0
108,13,2024-11-24,SpartaRotterdam,AZAlkmaar,1,2,1,1,0,1
109,13,2024-11-24,WillemII,NACBreda,2,2,0,1,2,1
110,13,2024-11-24,Nijmegen,Utrecht,1,2,0,1,1,1
155,12,2024-11-24,Ipswich,ManchesterUtd,1,1,1,1,0,0
156,12,2024-11-24,Southampton,Liverpool,2,3,1,1,1,2
154,12,2024-11-25,Newcastle,WestHam,0,2,0,1,0,1
106,14,2024-11-29,Heerenveen,Waalwijk,1,1,1,0,0,1
153,13,2024-11-29,Brighton,Southampton,1,1,1,0,0,1
102,14,2024-11-30,Zwolle,SpartaRotterdam,1,0,0,0,1,0
103,14,2024-11-30,Feyenoord,Sittard,1,1,0,1,1,0
104,14,2024-11-30,Groningen,WillemII,2,0,1,0,1,0
105,14,2024-11-30,NACBreda,AlmereCity,1,0,1,0,0,0
148,13,2024-11-30,WestHam,Arsenal,2,5,2,5,0,0
149,13,2024-11-30,Brentford,Leicester,4,1,3,1,1,0
150,13,2024-11-30,CrystalPalace,Newcastle,1,1,0,0,1,1
151,13,2024-11-30,Nottingham,Ipswich,1,0,0,0,1,0
152,13,2024-11-30,Wolves,Bournemouth,2,4,1,3,1,1
98,14,2024-12-01,Nijmegen,Ajax,1,2,1,1,0,1
99,14,2024-12-01,AZAlkmaar,Heracles,1,0,0,0,1,0
100,14,2024-12-01,Twente,G.A.Eagles,3,2,1,2,2,0
101,14,2024-12-01,Utrecht,PSV,2,5,1,1,1,4
144,13,2024-12-01,Liverpool,ManchesterCity,2,0,1,0,1,0
145,13,2024-12-01,Chelsea,AstonVilla,3,0,2,0,1,0
146,13,2024-12-01,ManchesterUtd,Everton,4,0,2,0,2,0
147,13,2024-12-01,Tottenham,Fulham,1,1,0,0,1,1
142,14,2024-12-03,Leicester,WestHam,3,1,1,0,2,1
143,14,2024-12-03,Ipswich,CrystalPalace,0,1,0,0,0,1
97,5,2024-12-04,Ajax,Utrecht,2,2,2,1,0,1
136,14,2024-12-04,Arsenal,ManchesterUtd,2,0,0,0,2,0
137,14,2024-12-04,AstonVilla,Brentford,3,1,3,0,0,1
138,14,2024-12-04,Everton,Wolves,4,0,2,0,2,0
139,14,2024-12-04,ManchesterCity,Nottingham,3,0,2,0,1,0
140,14,2024-12-04,Newcastle,Liverpool,3,3,1,0,2,3
141,14,2024-12-04,Southampton,Chelsea,1,5,1,3,0,2
134,14,2024-12-05,Bournemouth,Tottenham,1,0,1,0,0,0
135,14,2024-12-05,Fulham,Brighton,3,1,1,0,2,1
96,15,2024-12-06,PSV,Twente,6,1,3,1,3,0
92,15,2024-12-07,Heracles,Sittard,2,2,1,2,1,0
93,15,2024-12-07,Waalwijk,Feyenoord,2,3,1,1,1,2
94,15,2024-12-07,SpartaRotterdam,NACBreda,0,2,0,1,0,1
95,15,2024-12-07,G.A.Eagles,Nijmegen,5,0,4,0,1,0
130,15,2024-12-07,ManchesterUtd,Nottingham,2,3,1,1,1,2
131,15,2024-12-07,AstonVilla,Southampton,1,0,1,0,0,0
132,15,2024-12-07,Brentford,Newcastle,4,2,2,2,2,0
133,15,2024-12-07,CrystalPalace,ManchesterCity,2,2,1,1,1,1
88,15,2024-12-08,AlmereCity,Utrecht,1,3,0,2,1,1
89,15,2024-12-08,AZAlkmaar,Ajax,2,1,0,0,2,1
90,15,2024-12-08,WillemII,Heerenveen,1,2,0,0,1,2
91,15,2024-12-08,Groningen,Zwolle,0,0,0,0,0,0
126,15,2024-12-08,Tottenham,Chelsea,3,4,2,1,1,3
127,15,2024-12-08,Fulham,Arsenal,1,1,1,0,0,1
128,15,2024-12-08,Ipswich,Bournemouth,1,2,1,0,0,2
129,15,2024-12-08,Leicester,Brighton,2,2,0,1,2,1
125,15,2024-12-09,WestHam,Wolves,2,1,0,0,2,1
87,16,2024-12-13,Zwolle,WillemII,0,1,0,1,0,0
84,16,2024-12-14,Feyenoord,Heracles,5,2,3,1,2,1
85,16,2024-12-14,Sittard,Waalwijk,3,2,3,1,0,1
86,16,2024-12-14,Heerenveen,PSV,1,0,0,0,1,0
120,16,2024-12-14,Nottingham,AstonVilla,2,1,0,0,2,1
121,16,2024-12-14,Arsenal,Everton,0,0,0,0,0,0
122,16,2024-12-14,Liverpool,Fulham,2,2,0,1,2,1
123,16,2024-12-14,Newcastle,Leicester,4,0,1,0,3,0
124,16,2024-12-14,Wolves,Ipswich,1,2,0,1,1,1
79,16,2024-12-15,NACBreda,AZAlkmaar,1,2,1,0,0,2
80,16,2024-12-15,Ajax,AlmereCity,3,0,2,0,1,0
81,16,2024-12-15,Nijmegen,SpartaRotterdam,1,1,0,0,1,1
82,16,2024-12-15,Twente,Groningen,2,0,1,0,1,0
83,16,2024-12-15,Utrecht,G.A.Eagles,3,3,1,1,2,2
116,16,2024-12-15,Chelsea,Brentford,2,1,1,0,1,1
117,16,2024-12-15,Southampton,Tottenham,0,5,0,5,0,0
118,16,2024-12-15,ManchesterCity,ManchesterUtd,1,2,1,0,0,2
119,16,2024-12-15,Brighton,CrystalPalace,1,3,0,2,1,1
115,16,2024-12-16,Bournemouth,WestHam,1,1,0,0,1,1
78,17,2024-12-20,Waalwijk,Zwolle,1,1,1,1,0,0
75,17,2024-12-21,AZAlkmaar,Twente,1,0,0,0,1,0
76,17,2024-12-21,AlmereCity,Heerenveen,3,0,0,0,3,0
77,17,2024-12-21,G.A.Eagles,NACBreda,2,1,0,1,2,0
110,17,2024-12-21,CrystalPalace,Arsenal,1,5,1,3,0,2
111,17,2024-12-21,Brentford,Nottingham,0,2,0,1,0,1
112,17,2024-12-21,Ipswich,Newcastle,0,4,0,3,0,1
113,17,2024-12-21,WestHam,Brighton,1,1,0,0,1,1
114,17,2024-12-21,AstonVilla,ManchesterCity,2,1,1,0,1,1
71,17,2024-12-22,WillemII,Nijmegen,4,1,2,1,2,0
72,17,2024-12-22,PSV,Feyenoord,3,0,2,0,1,0
73,17,2024-12-22,Utrecht,Sittard,2,5,1,0,1,5
74,17,2024-12-22,SpartaRotterdam,Ajax,0,2,0,0,0,2
105,17,2024-12-22,Tottenham,Liverpool,3,6,1,3,2,3
106,17,2024-12-22,Everton,Chelsea,0,0,0,0,0,0
107,17,2024-12-22,Fulham,Southampton,0,0,0,0,0,0
108,17,2024-12-22,Leicester,Wolves,0,3,0,3,0,0
109,17,2024-12-22,ManchesterUtd,Bournemouth,0,3,0,1,0,2
97,18,2024-12-26,Liverpool,Leicester,3,1,1,1,2,0
98,18,2024-12-26,Wolves,ManchesterUtd,2,0,0,0,2,0
99,18,2024-12-26,Bournemouth,CrystalPalace,0,0,0,0,0,0
100,18,2024-12-26,Chelsea,Fulham,1,2,1,0,0,2
101,18,2024-12-26,Newcastle,AstonVilla,3,0,1,0,2,0
102,18,2024-12-26,Nottingham,Tottenham,1,0,1,0,0,0
103,18,2024-12-26,Southampton,WestHam,0,1,0,0,0,1
104,18,2024-12-26,ManchesterCity,Everton,1,1,1,1,0,0
95,18,2024-12-27,Arsenal,Ipswich,1,0,1,0,0,0
96,18,2024-12-27,Brighton,Brentford,0,0,0,0,0,0
89,19,2024-12-29,WestHam,Liverpool,0,5,0,3,0,2
90,19,2024-12-29,CrystalPalace,Southampton,2,1,1,1,1,0
91,19,2024-12-29,Everton,Nottingham,0,2,0,1,0,1
92,19,2024-12-29,Fulham,Bournemouth,2,2,1,0,1,2
93,19,2024-12-29,Tottenham,Wolves,2,2,2,1,0,1
94,19,2024-12-29,Leicester,ManchesterCity,0,2,0,1,0,1
86,19,2024-12-30,ManchesterUtd,Newcastle,0,2,0,2,0,0
87,19,2024-12-30,AstonVilla,Brighton,2,2,1,1,1,1
88,19,2024-12-30,Ipswich,Chelsea,2,0,1,0,1,0
85,19,2025-01-01,Brentford,Arsenal,1,3,1,1,0,2
78,20,2025-01-04,Brighton,Arsenal,1,1,0,1,1,0
79,20,2025-01-04,AstonVilla,Leicester,2,1,0,0,2,1
80,20,2025-01-04,Bournemouth,Everton,1,0,0,0,1,0
81,20,2025-01-04,CrystalPalace,Chelsea,1,1,0,1,1,0
82,20,2025-01-04,ManchesterCity,WestHam,4,1,2,0,2,1
83,20,2025-01-04,Southampton,Brentford,0,5,0,1,0,4
84,20,2025-01-04,Tottenham,Newcastle,1,2,1,2,0,0
76,20,2025-01-05,Liverpool,ManchesterUtd,2,2,0,0,2,2
77,20,2025-01-05,Fulham,Ipswich,2,2,0,1,2,1
75,20,2025-01-06,Wolves,Nottingham,0,3,0,2,0,1
70,18,2025-01-10,Sittard,G.A.Eagles,0,3,0,1,0,2
66,18,2025-01-11,PSV,AZAlkmaar,2,2,0,1,2,1
67,18,2025-01-11,Zwolle,Nijmegen,0,1,0,1,0,0
68,18,2025-01-11,Ajax,Waalwijk,2,1,2,0,0,1
69,18,2025-01-11,Heracles,SpartaRotterdam,1,1,0,0,1,1
62,18,2025-01-12,NACBreda,Heerenveen,2,4,1,3,1,1
63,18,2025-01-12,Feyenoord,Utrecht,1,2,0,0,1,2
64,18,2025-01-12,Groningen,AlmereCity,0,0,0,0,0,0
65,18,2025-01-12,Twente,WillemII,6,2,2,2,4,0
71,21,2025-01-14,Nottingham,Liverpool,1,1,1,0,0,1
72,21,2025-01-14,Brentford,ManchesterCity,2,2,0,0,2,2
73,21,2025-01-14,Chelsea,Bournemouth,2,2,1,0,1,2
74,21,2025-01-14,WestHam,Fulham,3,2,2,0,1,2
433,21,2025-01-15,Arsenal,Tottenham,2,1,2,1,0,0
434,21,2025-01-15,Everton,AstonVilla,0,1,0,0,0,1
435,21,2025-01-15,Leicester,CrystalPalace,0,2,0,0,0,2
436,21,2025-01-15,Newcastle,Wolves,3,0,1,0,2,0
431,21,2025-01-16,ManchesterUtd,Southampton,3,1,0,1,3,0
432,21,2025-01-16,Ipswich,Brighton,0,2,0,0,0,2
229,19,2025-01-18,G.A.Eagles,Groningen,2,1,1,1,1,0
230,19,2025-01-18,WillemII,Feyenoord,1,1,0,1,1,0
231,19,2025-01-18,Utrecht,AZAlkmaar,0,0,0,0,0,0
232,19,2025-01-18,Zwolle,PSV,3,1,2,1,1,0
426,22,2025-01-18,Arsenal,AstonVilla,2,2,1,0,1,2
427,22,2025-01-18,Brentford,Liverpool,0,2,0,0,0,2
428,22,2025-01-18,Leicester,Fulham,0,2,0,0,0,2
429,22,2025-01-18,WestHam,CrystalPalace,0,2,0,0,0,2
430,22,2025-01-18,Newcastle,Bournemouth,1,4,1,2,0,2
224,19,2025-01-19,SpartaRotterdam,Waalwijk,1,1,1,1,0,0
225,19,2025-01-19,Nijmegen,Sittard,4,1,1,1,3,0
226,19,2025-01-19,AlmereCity,Heracles,0,2,0,1,0,1
227,19,2025-01-19,Heerenveen,Ajax,0,2,0,1,0,1
228,19,2025-01-19,NACBreda,Twente,2,1,2,0,0,1
422,22,2025-01-19,Ipswich,ManchesterCity,0,6,0,3,0,3
423,22,2025-01-19,Everton,Tottenham,3,2,3,0,0,2
424,22,2025-01-19,ManchesterUtd,Brighton,1,3,1,1,0,2
425,22,2025-01-19,Nottingham,Southampton,3,2,3,0,0,2
421,22,2025-01-20,Chelsea,Wolves,3,1,1,1,2,0
223,20,2025-01-24,Heracles,Utrecht,1,1,0,0,1,1
221,20,2025-01-25,Groningen,Heerenveen,1,0,0,0,1,0
222,20,2025-01-25,PSV,NACBreda,3,2,2,1,1,1
415,23,2025-01-25,ManchesterCity,Chelsea,3,1,1,1,2,0
416,23,2025-01-25,Bournemouth,Nottingham,5,0,1,0,4,0
417,23,2025-01-25,Brighton,Everton,0,1,0,1,0,0
418,23,2025-01-25,Liverpool,Ipswich,4,1,3,0,1,1
419,23,2025-01-25,Southampton,Newcastle,1,3,1,2,0,1
420,23,2025-01-25,Wolves,Arsenal,0,1,0,0,0,1
218,20,2025-01-26,AZAlkmaar,SpartaRotterdam,1,2,0,0,1,2
219,20,2025-01-26,Waalwijk,WillemII,2,0,1,0,1,0
220,20,2025-01-26,Sittard,Zwolle,1,4,0,2,1,2
411,23,2025-01-26,Fulham,ManchesterUtd,0,1,0,0,0,1
412,23,2025-01-26,AstonVilla,WestHam,1,1,1,0,0,1
413,23,2025-01-26,CrystalPalace,Brentford,1,2,0,0,1,2
414,23,2025-01-26,Tottenham,Leicester,1,2,1,0,0,2
217,17,2025-01-28,Heracles,Groningen,1,1,1,0,0,1
216,21,2025-01-31,NACBreda,Heracles,1,1,1,0,0,1
213,21,2025-02-01,Nijmegen,PSV,3,3,0,0,3,3
214,21,2025-02-01,Heerenveen,Sittard,2,2,1,1,1,1
215,21,2025-02-01,Zwolle,Utrecht,3,3,2,0,1,3
405,24,2025-02-01,Wolves,AstonVilla,2,0,1,0,1,0
406,24,2025-02-01,Bournemouth,Liverpool,0,2,0,1,0,1
407,24,2025-02-01,Everton,Leicester,4,0,3,0,1,0
408,24,2025-02-01,Ipswich,Southampton,1,2,1,1,0,1
409,24,2025-02-01,Newcastle,Fulham,1,2,1,0,0,2
410,24,2025-02-01,Nottingham,Brighton,7,0,3,0,4,0
208,21,2025-02-02,WillemII,AZAlkmaar,0,2,0,2,0,0
209,21,2025-02-02,SpartaRotterdam,Groningen,1,0,0,0,1,0
210,21,2025-02-02,Ajax,Feyenoord,2,1,1,0,1,1
211,21,2025-02-02,G.A.Eagles,Twente,2,2,1,0,1,2
212,21,2025-02-02,AlmereCity,Waalwijk,1,4,1,0,0,4
402,24,2025-02-02,Arsenal,ManchesterCity,5,1,1,0,4,1
403,24,2025-02-02,Brentford,Tottenham,0,2,0,1,0,1
404,24,2025-02-02,ManchesterUtd,CrystalPalace,0,2,0,0,0,2
401,24,2025-02-03,Chelsea,WestHam,2,1,0,1,2,0
204,22,2025-02-08,Feyenoord,SpartaRotterdam,3,0,1,0,2,0
205,22,2025-02-08,Groningen,Nijmegen,2,1,2,0,0,1
206,22,2025-02-08,PSV,WillemII,1,1,0,0,1,1
207,22,2025-02-08,Heracles,G.A.Eagles,4,2,1,1,3,1
199,22,2025-02-09,AZAlkmaar,Zwolle,2,0,1,0,1,0
200,22,2025-02-09,Heerenveen,Twente,3,3,1,2,2,1
201,22,2025-02-09,Sittard,Ajax,0,2,0,0,0,2
202,22,2025-02-09,Waalwijk,NACBreda,5,0,3,0,2,0
203,22,2025-02-09,Utrecht,AlmereCity,0,1,0,1,0,0
400,15,2025-02-12,Everton,Liverpool,2,2,1,1,1,1
198,23,2025-02-14,G.A.Eagles,SpartaRotterdam,1,0,1,0,0,0
399,25,2025-02-14,Brighton,Chelsea,3,0,2,0,1,0
195,23,2025-02-15,WillemII,Groningen,1,3,0,3,1,0
196,23,2025-02-15,NACBreda,Feyenoord,0,0,0,0,0,0
197,23,2025-02-15,PSV,Utrecht,2,2,1,1,1,1
392,25,2025-02-15,CrystalPalace,Everton,1,2,0,1,1,1
393,25,2025-02-15,AstonVilla,Ipswich,1,1,0,0,1,1
394,25,2025-02-15,Fulham,Nottingham,2,1,1,1,1,0
395,25,2025-02-15,ManchesterCity,Newcastle,4,0,3,0,1,0
396,25,2025-02-15,Southampton,Bournemouth,1,3,0,2,1,1
397,25,2025-02-15,WestHam,Brentford,0,1,0,1,0,0
398,25,2025-02-15,Leicester,Arsenal,0,2,0,0,0,2
191,23,2025-02-16,Ajax,Heracles,4,0,2,0,2,0
192,23,2025-02-16,Twente,Waalwijk,2,0,1,0,1,0
193,23,2025-02-16,Zwolle,Heerenveen,1,1,1,0,0,1
194,23,2025-02-16,Nijmegen,AlmereCity,2,2,1,1,1,1
390,25,2025-02-16,Tottenham,ManchesterUtd,1,0,1,0,0,0
391,25,2025-02-16,Liverpool,Wolves,2,1,2,0,0,1
389,29,2025-02-19,AstonVilla,Liverpool,2,2,2,1,0,1
388,26,2025-02-21,Leicester,Brentford,0,4,0,3,0,1
190,20,2025-02-22,Feyenoord,AlmereCity,2,1,1,1,1,0
381,26,2025-02-22,AstonVilla,Chelsea,2,1,0,1,2,0
382,26,2025-02-22,Arsenal,WestHam,0,1,0,1,0,0
383,26,2025-02-22,Bournemouth,Wolves,0,1,0,1,0,0
384,26,2025-02-22,Fulham,CrystalPalace,0,2,0,1,0,1
385,26,2025-02-22,Ipswich,Tottenham,1,4,1,2,0,2
386,26,2025-02-22,Southampton,Brighton,0,4,0,1,0,3
387,26,2025-02-22,Everton,ManchesterUtd,2,2,2,0,0,2
187,23,2025-02-23,AZAlkmaar,Sittard,1,0,0,0,1,0
188,20,2025-02-23,Ajax,G.A.Eagles,2,0,0,0,2,0
189,20,2025-02-23,Twente,Nijmegen,2,0,1,0,1,0
379,26,2025-02-23,ManchesterCity,Liverpool,0,2,0,2,0,0
380,26,2025-02-23,Newcastle,Nottingham,4,3,4,1,0,2
375,27,2025-02-25,Chelsea,Southampton,4,0,3,0,1,0
376,27,2025-02-25,Brighton,Bournemouth,2,1,1,0,1,1
377,27,2025-02-25,CrystalPalace,AstonVilla,4,1,1,0,3,1
378,27,2025-02-25,Wolves,Fulham,1,2,1,1,0,1
370,27,2025-02-26,Liverpool,Newcastle,2,0,1,0,1,0
371,27,2025-02-26,Brentford,Everton,1,1,1,0,0,1
372,27,2025-02-26,ManchesterUtd,Ipswich,3,2,2,2,1,0
373,27,2025-02-26,Nottingham,Arsenal,0,0,0,0,0,0
374,27,2025-02-26,Tottenham,ManchesterCity,0,1,0,1,0,0
369,27,2025-02-27,WestHam,Leicester,2,0,2,0,0,0
186,24,2025-02-28,Waalwijk,Sittard,1,2,0,1,1,1
182,24,2025-03-01,Feyenoord,Nijmegen,0,0,0,0,0,0
183,24,2025-03-01,Groningen,Twente,1,1,1,1,0,0
184,24,2025-03-01,G.A.Eagles,PSV,3,2,1,2,2,0
185,24,2025-03-01,Utrecht,NACBreda,1,0,0,0,1,0
178,24,2025-03-02,SpartaRotterdam,WillemII,4,0,1,0,3,0
179,24,2025-03-02,AlmereCity,Ajax,0,1,0,1,0,0
180,24,2025-03-02,Heracles,Zwolle,4,2,2,2,2,0
181,24,2025-03-02,Heerenveen,AZAlkmaar,3,1,1,0,2,1
177,25,2025-03-07,NACBreda,SpartaRotterdam,1,1,0,1,1,0
175,25,2025-03-08,PSV,Heerenveen,2,1,1,0,1,1
176,25,2025-03-08,Sittard,Heracles,1,0,0,0,1,0
363,28,2025-03-08,Wolves,Everton,1,1,1,1,0,0
364,28,2025-03-08,Brentford,AstonVilla,0,1,0,0,0,1
365,28,2025-03-08,Brighton,Fulham,2,1,1,1,1,0
366,28,2025-03-08,CrystalPalace,Ipswich,1,0,0,0,1,0
367,28,2025-03-08,Liverpool,Southampton,3,1,0,1,3,0
368,28,2025-03-08,Nottingham,ManchesterCity,1,0,0,0,1,0
171,25,2025-03-09,Twente,AlmereCity,1,0,1,0,0,0
172,25,2025-03-09,Nijmegen,G.A.Eagles,2,3,0,1,2,2
173,25,2025-03-09,Zwolle,Ajax,0,1,0,0,0,1
174,25,2025-03-09,WillemII,Utrecht,2,3,1,0,1,3
360,28,2025-03-09,ManchesterUtd,Arsenal,1,1,1,0,0,1
361,28,2025-03-09,Chelsea,Leicester,1,0,0,0,1,0
362,28,2025-03-09,Tottenham,Bournemouth,2,2,0,1,2,1
359,28,2025-03-10,WestHam,Newcastle,0,1,0,0,0,1
170,26,2025-03-14,AlmereCity,NACBreda,1,1,1,1,0,0
166,26,2025-03-15,Heerenveen,Heracles,1,1,1,1,0,0
167,26,2025-03-15,Waalwijk,PSV,0,3,0,2,0,1
168,26,2025-03-15,SpartaRotterdam,Zwolle,1,1,0,0,1,1
169,26,2025-03-15,Utrecht,Nijmegen,0,1,0,0,0,1
354,29,2025-03-15,Bournemouth,Brentford,1,2,1,1,0,1
355,29,2025-03-15,Everton,WestHam,1,1,0,0,1,1
356,29,2025-03-15,Ipswich,Nottingham,2,4,0,3,2,1
357,29,2025-03-15,ManchesterCity,Brighton,2,2,2,1,0,1
358,29,2025-03-15,Southampton,Wolves,1,2,0,1,1,1
162,26,2025-03-16,Ajax,AZAlkmaar,2,2,0,0,2,2
163,26,2025-03-16,Groningen,Sittard,1,0,0,0,1,0
164,26,2025-03-16,Twente,Feyenoord,2,6,1,3,1,3
165,26,2025-03-16,G.A.Eagles,WillemII,1,0,0,0,1,0
351,29,2025-03-16,Leicester,ManchesterUtd,0,3,0,1,0,2
352,29,2025-03-16,Arsenal,Chelsea,1,0,1,0,0,0
353,29,2025-03-16,Fulham,Tottenham,2,0,0,0,2,0
302,27,2025-03-29,Nijmegen,AZAlkmaar,3,3,1,2,2,1
303,27,2025-03-29,Zwolle,Waalwijk,2,0,0,0,2,0
304,27,2025-03-29,Sittard,SpartaRotterdam,0,3,0,2,0,1
305,27,2025-03-29,WillemII,AlmereCity,0,2,0,1,0,1
306,27,2025-03-29,NACBreda,Groningen,1,1,0,0,1,1
298,27,2025-03-30,Feyenoord,G.A.Eagles,3,2,1,1,2,1
299,27,2025-03-30,Heracles,Twente,2,1,1,0,1,1
300,27,2025-03-30,PSV,Ajax,0,2,0,1,0,1
301,27,2025-03-30,Utrecht,Heerenveen,2,0,1,0,1,0
297,25,2025-04-01,AZAlkmaar,Waalwijk,2,2,1,0,1,2
525,30,2025-04-01,Nottingham,ManchesterUtd,1,0,1,0,0,0
526,30,2025-04-01,Arsenal,Fulham,2,1,1,0,1,1
527,30,2025-04-01,Wolves,WestHam,1,0,1,0,0,0
296,25,2025-04-02,Feyenoord,Groningen,4,1,2,1,2,0
519,30,2025-04-02,Liverpool,Everton,1,0,0,0,1,0
520,30,2025-04-02,Bournemouth,Ipswich,1,2,0,1,1,1
521,30,2025-04-02,Brighton,AstonVilla,0,3,0,0,0,3
522,30,2025-04-02,ManchesterCity,Leicester,2,0,2,0,0,0
523,30,2025-04-02,Newcastle,Brentford,2,1,1,0,1,1
524,30,2025-04-02,Southampton,CrystalPalace,1,1,1,0,0,1
518,30,2025-04-03,Chelsea,Tottenham,1,0,0,0,1,0
295,28,2025-04-04,Heerenveen,WillemII,3,1,2,0,1,1
291,28,2025-04-05,AlmereCity,Zwolle,2,2,0,2,2,0
292,28,2025-04-05,Groningen,PSV,1,3,1,2,0,1
293,28,2025-04-05,Twente,Sittard,1,1,1,0,0,1
294,28,2025-04-05,AZAlkmaar,Feyenoord,0,1,0,1,0,0
513,31,2025-04-05,AstonVilla,Nottingham,2,1,2,0,0,1
514,31,2025-04-05,CrystalPalace,Brighton,2,1,1,1,1,0
515,31,2025-04-05,Ipswich,Wolves,1,2,1,0,0,2
516,31,2025-04-05,WestHam,Bournemouth,2,2,0,1,2,1
517,31,2025-04-05,Everton,Arsenal,1,1,0,1,1,0
287,28,2025-04-06,Ajax,NACBreda,3,1,2,1,1,0
288,28,2025-04-06,G.A.Eagles,Utrecht,2,2,2,2,0,0
289,28,2025-04-06,SpartaRotterdam,Nijmegen,2,0,1,0,1,0
290,28,2025-04-06,Waalwijk,Heracles,0,0,0,0,0,0
509,31,2025-04-06,ManchesterUtd,ManchesterCity,0,0,0,0,0,0
510,31,2025-04-06,Brentford,Chelsea,0,0,0,0,0,0
511,31,2025-04-06,Fulham,Liverpool,3,2,3,1,0,1
512,31,2025-04-06,Tottenham,Southampton,3,1,2,0,1,1
508,31,2025-04-07,Leicester,Newcastle,0,3,0,3,0,0
286,29,2025-04-11,Nijmegen,Waalwijk,2,1,0,0,2,1
282,29,2025-04-12,NACBreda,G.A.Eagles,1,1,0,1,1,0
283,29,2025-04-12,PSV,AlmereCity,5,0,4,0,1,0
284,29,2025-04-12,SpartaRotterdam,Heerenveen,3,1,1,0,2,1
285,29,2025-04-12,Sittard,Feyenoord,0,2,0,0,0,2
503,32,2025-04-12,Arsenal,Brentford,1,1,0,0,1,1
504,32,2025-04-12,Brighton,Leicester,2,2,1,1,1,1
505,32,2025-04-12,Nottingham,Everton,0,1,0,0,0,1
506,32,2025-04-12,Southampton,AstonVilla,0,3,0,0,0,3
507,32,2025-04-12,ManchesterCity,CrystalPalace,5,2,2,2,3,0
278,29,2025-04-13,WillemII,Ajax,1,2,1,0,0,2
279,29,2025-04-13,Heracles,AZAlkmaar,1,0,0,0,1,0
280,29,2025-04-13,Zwolle,Twente,1,1,0,0,1,1
281,29,2025-04-13,Utrecht,Groningen,3,1,3,1,0,0
499,32,2025-04-13,Newcastle,ManchesterUtd,4,1,1,1,3,0
500,32,2025-04-13,Chelsea,Ipswich,2,2,0,2,2,0
501,32,2025-04-13,Liverpool,WestHam,2,1,1,0,1,1
502,32,2025-04-13,Wolves,Tottenham,4,2,2,0,2,2
498,32,2025-04-14,Bournemouth,Fulham,1,0,1,0,0,0
497,29,2025-04-16,Newcastle,CrystalPalace,5,0,4,0,1,0
277,31,2025-04-19,Heerenveen,AlmereCity,2,1,2,1,0,0
492,33,2025-04-19,AstonVilla,Newcastle,4,1,1,1,3,0
493,33,2025-04-19,Brentford,Brighton,4,2,1,1,3,1
494,33,2025-04-19,CrystalPalace,Bournemouth,0,0,0,0,0,0
495,33,2025-04-19,Everton,ManchesterCity,0,2,0,0,0,2
496,33,2025-04-19,WestHam,Southampton,1,1,0,0,1,1
276,31,2025-04-20,Utrecht,Ajax,4,0,1,0,3,0
488,33,2025-04-20,Leicester,Liverpool,0,1,0,0,0,1
489,33,2025-04-20,Fulham,Chelsea,1,2,1,0,0,2
490,33,2025-04-20,Ipswich,Arsenal,0,4,0,2,0,2
491,33,2025-04-20,ManchesterUtd,Wolves,0,1,0,0,0,1
487,33,2025-04-21,Tottenham,Nottingham,1,2,0,2,1,0
486,34,2025-04-22,ManchesterCity,AstonVilla,2,1,1,1,1,0
275,30,2025-04-23,Groningen,Heracles,4,1,2,1,2,0
485,34,2025-04-23,Arsenal,CrystalPalace,2,2,2,1,0,1
273,30,2025-04-24,Twente,PSV,1,3,1,1,0,2
274,30,2025-04-24,AZAlkmaar,NACBreda,1,1,0,0,1,1
271,30,2025-04-25,Feyenoord,Zwolle,4,0,3,0,1,0
272,30,2025-04-25,Waalwijk,Utrecht,0,4,0,3,0,1
480,34,2025-04-26,Brighton,WestHam,3,2,1,0,2,2
481,34,2025-04-26,Newcastle,Ipswich,3,0,1,0,2,0
482,34,2025-04-26,Southampton,Fulham,1,2,1,0,0,2
483,34,2025-04-26,Wolves,Leicester,3,0,1,0,2,0
484,34,2025-04-26,Chelsea,Everton,1,0,1,0,0,0
267,30,2025-04-27,AlmereCity,G.A.Eagles,0,0,0,0,0,0
268,30,2025-04-27,Ajax,SpartaRotterdam,1,1,0,0,1,1
269,30,2025-04-27,Heerenveen,Nijmegen,1,0,0,0,1,0
270,30,2025-04-27,Sittard,WillemII,1,0,0,0,1,0
478,34,2025-04-27,Liverpool,Tottenham,5,1,3,1,2,0
479,34,2025-04-27,Bournemouth,ManchesterUtd,1,1,1,0,0,1
477,34,2025-05-01,Nottingham,Brentford,0,2,0,1,0,1
476,35,2025-05-02,ManchesterCity,Wolves,1,0,1,0,0,0
263,31,2025-05-03,PSV,Sittard,4,1,2,0,2,1
264,31,2025-05-03,Groningen,Waalwijk,6,1,2,0,4,1
265,31,2025-05-03,Heracles,Feyenoord,1,4,0,3,1,1
266,31,2025-05-03,Nijmegen,WillemII,1,1,0,1,1,0
472,35,2025-05-03,Arsenal,Bournemouth,1,2,1,0,0,2
473,35,2025-05-03,Everton,Ipswich,2,2,2,1,0,1
474,35,2025-05-03,Leicester,Southampton,2,0,2,0,0,0
475,35,2025-05-03,AstonVilla,Fulham,1,0,1,0,0,0
260,31,2025-05-04,G.A.Eagles,AZAlkmaar,0,3,0,2,0,1
261,31,2025-05-04,SpartaRotterdam,Twente,0,2,0,2,0,0
262,31,2025-05-04,NACBreda,Zwolle,1,3,0,0,1,3
468,35,2025-05-04,Chelsea,Liverpool,3,1,1,0,2,1
469,35,2025-05-04,Brentford,ManchesterUtd,4,3,2,1,2,2
470,35,2025-05-04,Brighton,Newcastle,1,1,1,0,0,1
471,35,2025-05-04,WestHam,Tottenham,1,1,1,1,0,0
467,35,2025-05-05,CrystalPalace,Nottingham,1,1,0,0,1,1
259,32,2025-05-09,WillemII,Heracles,1,2,0,1,1,1
256,32,2025-05-10,AlmereCity,SpartaRotterdam,0,3,0,0,0,3
257,32,2025-05-10,Sittard,NACBreda,1,0,1,0,0,0
258,32,2025-05-10,Waalwijk,Heerenveen,3,1,1,1,2,0
462,36,2025-05-10,Bournemouth,AstonVilla,0,1,0,1,0,0
463,36,2025-05-10,Fulham,Everton,1,3,1,1,0,2
464,36,2025-05-10,Ipswich,Brentford,0,1,0,1,0,0
465,36,2025-05-10,Southampton,ManchesterCity,0,0,0,0,0,0
466,36,2025-05-10,Wolves,Brighton,0,2,0,1,0,1
251,32,2025-05-11,Ajax,Nijmegen,0,3,0,0,0,3
252,32,2025-05-11,AZAlkmaar,Groningen,3,0,2,0,1,0
253,32,2025-05-11,Feyenoord,PSV,2,3,2,0,0,3
254,32,2025-05-11,Twente,Utrecht,2,0,1,0,1,0
255,32,2025-05-11,Zwolle,G.A.Eagles,1,1,0,0,1,1
457,36,2025-05-11,Liverpool,Arsenal,2,2,2,0,0,2
458,36,2025-05-11,ManchesterUtd,WestHam,0,2,0,1,0,1
459,36,2025-05-11,Nottingham,Leicester,2,2,1,1,1,1
460,36,2025-05-11,Tottenham,CrystalPalace,0,2,0,1,0,1
461,36,2025-05-11,Newcastle,Chelsea,2,0,1,0,1,0
242,33,2025-05-14,AlmereCity,Sittard,1,1,1,0,0,1
243,33,2025-05-14,Feyenoord,Waalwijk,2,0,1,0,1,0
244,33,2025-05-14,G.A.Eagles,Heerenveen,1,0,0,0,1,0
245,33,2025-05-14,Groningen,Ajax,2,2,0,1,2,1
246,33,2025-05-14,Nijmegen,NACBreda,3,0,1,0,2,0
247,33,2025-05-14,PSV,Heracles,4,1,4,0,0,1
248,33,2025-05-14,Twente,AZAlkmaar,2,3,2,2,0,1
249,33,2025-05-14,Utrecht,SpartaRotterdam,1,1,1,1,0,0
250,33,2025-05-14,WillemII,Zwolle,1,2,0,1,1,1
455,37,2025-05-16,Chelsea,ManchesterUtd,1,0,0,0,1,0
456,37,2025-05-16,AstonVilla,Tottenham,2,0,0,0,2,0
233,34,2025-05-18,Ajax,Twente,2,0,1,0,1,0
234,34,2025-05-18,AZAlkmaar,AlmereCity,1,1,0,1,1,0
235,34,2025-05-18,Heerenveen,Feyenoord,2,0,2,0,0,0
236,34,2025-05-18,Heracles,Nijmegen,1,2,0,0,1,2
237,34,2025-05-18,NACBreda,WillemII,1,1,1,1,0,0
238,34,2025-05-18,Sittard,Utrecht,0,0,0,0,0,0
239,34,2025-05-18,SpartaRotterdam,PSV,1,3,0,1,1,2
240,34,2025-05-18,Waalwijk,G.A.Eagles,5,3,1,1,4,2
241,34,2025-05-18,Zwolle,Groningen,2,0,1,0,1,0
450,37,2025-05-18,Arsenal,Newcastle,1,0,0,0,1,0
451,37,2025-05-18,Brentford,Fulham,2,3,2,1,0,2
452,37,2025-05-18,Leicester,Ipswich,2,0,1,0,1,0
453,37,2025-05-18,WestHam,Nottingham,1,2,0,1,1,1
454,37,2025-05-18,Everton,Southampton,2,0,2,0,0,0
449,37,2025-05-19,Brighton,Liverpool,3,2,1,2,2,0
447,37,2025-05-20,CrystalPalace,Wolves,4,2,2,1,2,1
448,37,2025-05-20,ManchesterCity,Bournemouth,3,1,2,0,1,1
437,38,2025-05-25,Bournemouth,Leicester,2,0,0,0,2,0
438,38,2025-05-25,Fulham,ManchesterCity,0,2,0,1,0,1
439,38,2025-05-25,Ipswich,WestHam,1,3,0,1,1,2
440,38,2025-05-25,Liverpool,CrystalPalace,1,1,0,1,1,0
441,38,2025-05-25,ManchesterUtd,AstonVilla,2,0,0,0,2,0
442,38,2025-05-25,Newcastle,Everton,0,1,0,0,0,1
443,38,2025-05-25,Nottingham,Chelsea,0,1,0,0,0,1
444,38,2025-05-25,Southampton,Arsenal,1,2,0,1,1,1
445,38,2025-05-25,Tottenham,Brighton,1,4,1,0,0,4
446,38,2025-05-25,Wolves,Brentford,1,1,0,1,1,0
