away,hgoal,agoal,hhgoal,ahgoal,FullSum,FullHWin,FullAWin,FullDC,FullBTS,FullExcGols0,FullExcGols1,FullExcGols2,FullExcGols3,FullExcGols4,FullExcGols5,FullOver0,FullOver1,FullOver2,FullOver3,FullOver4,FullOver5,FullOdd,FullEven,FullGolRang0-1,FullGolRang2-3,FullGolRang4-5,"FullMultiScor1,2,3:0","FullMultiScor0:1,2,3","FullMultiScor4,5,6:0","FullMultiScor0:4,5,6",FulltimeMultiGoals1-2,FulltimeMultiGoals1-3,FulltimeMultiGoals1-4,FulltimeMultiGoals1-5,FulltimeMultiGoals1-6,FulltimeMultiGoals2-3,FulltimeMultiGoals2-4,FulltimeMultiGoals2-5,FulltimeMultiGoals2-6,FulltimeMultiGoals3-4,FulltimeMultiGoals3-5,FulltimeMultiGoals3-6,FulltimeMultiGoals4-5,FulltimeMultiGoals4-6,FulltimeMultiGoals5-6,FulltimeMultiGoals7+,FulltimeGoalDiff,WinningMarginHomeBy1,WinningMarginHomeBy2,WinningMarginHomeBy3,WinningMarginAwayBy1,WinningMarginAwayBy2,WinningMarginAwayBy3,FulltimeHomeOverZ,FulltimeHomeOver1,FulltimeHomeOver2,FulltimeHomeOver3,FulltimeAwayOverZ,FulltimeAwayOver1,FulltimeAwayOver2,FulltimeAwayOver3,FirstHalfHomeOverZ,FirstHalfHomeOver1,FirstHalfHomeOver2,FirstHalfHomeOver3,FirstHalfAwayOverZ,FirstHalfAwayOver1,FirstHalfAwayOver2,FirstHalfAwayOver3,HomeMultiGoals1-2,HomeMultiGoals1-3,HomeMultiGoals2-3,HomeMultiGoals4+,AwayMultiGoals1-2,AwayMultiGoals1-3,AwayMultiGoals2-3,AwayMultiGoals4+,FulltimeCorrectScore0-0,FulltimeCorrectScore0-1,FulltimeCorrectScore0-2,FulltimeCorrectScore0-3,FulltimeCorrectScore0-4,FulltimeCorrectScore1-0,FulltimeCorrectScore1-1,FulltimeCorrectScore1-2,FulltimeCorrectScore1-3,FulltimeCorrectScore1-4,FulltimeCorrectScore2-0,FulltimeCorrectScore2-1,FulltimeCorrectScore2-2,FulltimeCorrectScore2-3,FulltimeCorrectScore2-4,FulltimeCorrectScore3-0,FulltimeCorrectScore3-1,FulltimeCorrectScore3-2,FulltimeCorrectScore3-3,FulltimeCorrectScore3-4,FulltimeCorrectScore4-0,FulltimeCorrectScore4-1,FulltimeCorrectScore4-2,FulltimeCorrectScore4-3,FulltimeCorrectScore4-4,FirstSum,FirstHWin,FirstAWin,FirstDraw,FirstBTS,FirstExcGols0,FirstExcGols1,FirstExcGols2,FirstOver0,FirstOver1,FirstOver2,FirstOdd,FirstEven,FirstGolRang0-1,FirstGolRang2-3,FirstHalfCorrectScore1-0,FirstHalfCorrectScore2-0,FirstHalfCorrectScore0-0,FirstHalfCorrectScore0-1,FirstHalfCorrectScore1-1,FirstHalfCorrectScore0-2,FirstHalfCorrectScore2-1,FirstHalfCorrectScore2-2,FirstHalfCorrectScore1-2,1stHalfMultigoals1-2,1stHalfMultigoals1-3,1stHalfMultigoals2-3,1stHalfMultigoals4+,SecHome,SecAway,Diff56_78,SecHWin,SecAWin,SecDraw,SecBTS,SecOdd,SecEven,SecondHalfCorrectScore1-0,SecondHalfCorrectScore2-0,SecondHalfCorrectScore0-0,SecondHalfCorrectScore0-1,SecondHalfCorrectScore1-1,SecondHalfCorrectScore0-2,SecondHalfCorrectScore2-1,SecondHalfCorrectScore2-2,SecondHalfCorrectScore1-2,2ndHalfMultigoals1-2,2ndHalfMultigoals1-3,2ndHalfMultigoals2-3,2ndHalfMultigoals4+,2ndHalfOverZ,2ndHalfOver1,2ndHalfOver2,2ndHalfExcatGoal0,2ndHalfExcatGoal1,2ndHalfExcatGoal2,2ndHalfHomeOverZ,2ndHalfHomeOver1,2ndHalfHomeOver2,2ndHalfAwayOverZ,2ndHalfAwayOver1,2ndHalfAwayOver2,FulltimeHandiHome0:1,FulltimeHandiAway0:1,FulltimeHandiDraw0:1,FulltimeHandiHome0:2,FulltimeHandiAway0:2,FulltimeHandiDraw0:2,FulltimeHandiHome0:3,FulltimeHandiAway0:3,FulltimeHandiDraw0:3,FulltimeHandiHome0:4,FulltimeHandiAway0:4,FulltimeHandiDraw0:4,FulltimeHandiHome0:5,FulltimeHandiAway0:5,FulltimeHandiDraw0:5,HomeWinEitherHalfYes,HomeWinEitherHalfNo,AwayWinEitherHalfYes,AwayWinEitherHalfNo,HomeHighestScoringHalve1st,HomeHighestScoringHalve2nd,HomeHighestScoringHalveEqual,AwayHighestScoringHalve1st,AwayHighestScoringHalve2nd,AwayHighestScoringHalveEqual,FulltimeHandiHome1:0,FulltimeHandiAway1:0,FulltimeHandiDraw1:0,FulltimeHandiHome2:0,FulltimeHandiAway2:0,FulltimeHandiDraw2:0,FulltimeHandiHome3:0,FulltimeHandiAway3:0,FulltimeHandiDraw3:0,FulltimeHandiHome4:0,FulltimeHandiAway4:0,FulltimeHandiDraw4:0,FulltimeHandiHome5:0,FulltimeHandiAway5:0,FulltimeHandiDraw5:0,FirstHalfHandiHome0:1,FirstHalfHandiAway0:1,FirstHalfHandiDraw0:1,FirstHalfHandiHome0:2,FirstHalfHandiAway0:2,FirstHalfHandiDraw0:2,FirstHalfHandiHome0:3,FirstHalfHandiAway0:3,FirstHalfHandiDraw0:3,FirstHalfHandiHome1:0,FirstHalfHandiAway1:0,FirstHalfHandiDraw1:0,FirstHalfHandiHome2:0,FirstHalfHandiAway2:0,FirstHalfHandiDraw2:0,FirstHalfHandiHome3:0,FirstHalfHandiAway3:0,FirstHalfHandiDraw3:0,SecHalfHandiHome0:1,SecHalfHandiAway0:1,SecHalfHandiDraw0:1,SecHalfHandiHome0:2,SecHalfHandiAway0:2,SecHalfHandiDraw0:2,SecHalfHandiHome1:0,SecHalfHandiAway1:0,SecHalfHandiDraw1:0,SecHalfHandiHome2:0,SecHalfHandiAway2:0,SecHalfHandiDraw2:0,SecHalfHandiHome3:0,SecHalfHandiAway3:0,SecHalfHandiDraw3:0,Full_HomeOrDraw,Full_AwayOrDraw,Full_HomeOrAway,1H_HomeOrDraw,1H_AwayOrDraw,1H_HomeOrAway,2H_HomeOrDraw,2H_AwayOrDraw,2H_HomeOrAway,Multigoal1st2ndfullDC
ACMilan,7,17,5,6,24,0,6,4,5,1,2,3,1,2,1,9,7,4,3,1,0,4,6,3,4,3,0,4,0,0,5,6,8,9,9,4,6,7,7,3,4,4,3,3,1,0,-10,0,0,0,3,2,1,5,2,0,0,9,5,3,0,4,1,0,0,5,1,0,0,5,5,2,0,6,9,5,0,1,2,1,1,0,0,2,0,1,0,0,0,1,1,0,0,0,0,0,0,0,0,0,0,0,11,1,2,7,4,5,1,2,5,4,2,3,7,6,4,0,0,5,1,2,0,1,0,1,3,5,4,0,2,11,13,1,6,3,1,3,7,1,0,2,2,1,4,0,0,0,8,8,5,0,8,5,0,2,3,5,2,0,0,7,4,0,0,10,0,0,10,0,0,10,0,0,10,0,0,10,0,2,8,7,3,3,1,6,2,7,1,4,10,3,7,10,2,9,10,1,10,10,0,10,10,0,0,9,1,0,10,0,0,10,0,8,9,2,10,10,0,10,10,0,0,9,1,0,10,0,4,9,2,6,10,4,10,10,0,4,10,6,8,9,3,4,9,7,4
ASOChlef,9,6,4,2,15,4,1,3,4,1,3,1,2,1,0,7,4,3,1,0,0,5,3,4,3,1,2,1,0,0,4,6,7,7,7,3,4,4,4,3,3,3,1,1,0,0,3,4,0,0,1,0,0,6,3,0,0,5,1,0,0,4,0,0,0,2,0,0,0,6,6,3,0,5,5,1,0,1,1,0,0,0,2,1,0,0,0,0,2,1,0,0,0,0,0,0,0,0,0,0,0,0,6,3,1,4,1,3,4,1,5,1,0,4,4,7,1,3,0,3,1,1,0,0,0,0,5,5,1,0,5,4,9,2,1,5,3,3,5,1,0,3,1,2,0,1,0,0,4,5,3,0,5,3,1,3,2,3,4,1,0,4,0,0,0,4,4,0,8,0,0,8,0,0,8,0,0,8,0,5,3,2,6,2,2,4,1,3,4,7,4,1,8,8,0,8,8,0,8,8,0,8,8,0,0,5,3,0,8,0,0,8,0,7,5,1,8,8,0,8,8,0,0,6,2,0,8,0,7,6,1,8,8,0,8,8,0,7,4,5,7,5,4,7,6,3,3
ASRoma,7,13,4,7,20,4,7,0,3,0,6,2,2,1,0,11,5,3,1,0,0,8,3,6,4,1,3,5,0,0,8,10,11,11,11,4,5,5,5,3,3,3,1,1,0,0,-6,4,0,0,4,3,0,6,1,0,0,8,4,1,0,4,0,0,0,6,1,0,0,6,6,1,0,7,8,4,0,0,3,2,0,0,3,0,1,1,0,0,1,0,0,0,0,0,0,0,0,0,0,0,0,0,11,3,6,2,1,2,8,0,9,1,1,9,2,10,1,3,0,2,5,0,0,0,0,1,8,9,1,0,3,6,9,1,4,6,2,5,6,1,0,5,3,1,0,0,0,1,5,6,2,0,6,2,1,5,4,2,3,0,0,5,1,0,0,7,4,0,11,0,0,11,0,0,11,0,0,11,0,4,7,7,4,3,2,6,3,3,5,4,7,4,8,11,3,11,11,0,11,11,0,11,11,0,0,8,3,0,11,0,0,11,0,5,8,6,11,11,0,11,11,0,0,10,1,0,11,0,7,10,4,11,11,0,11,11,0,4,7,11,5,8,9,7,10,5,2
AdanaDemirspor,39,5,18,2,44,9,0,1,4,0,0,0,1,4,5,10,10,10,9,5,0,6,4,0,1,9,1,0,5,0,0,1,5,10,10,1,5,10,10,5,10,10,9,9,5,0,34,0,1,3,0,0,0,10,10,9,7,4,1,0,0,10,6,2,0,2,0,0,0,1,3,3,7,4,4,1,0,0,0,0,0,0,0,0,0,0,0,0,0,1,0,0,1,1,0,0,0,2,2,0,0,0,20,8,0,2,2,0,2,6,10,8,2,4,6,2,8,2,4,0,0,2,0,0,0,0,8,10,8,0,21,3,24,9,1,0,2,4,6,1,5,0,0,0,0,1,0,1,6,9,8,1,10,9,4,0,1,9,10,8,2,2,1,0,9,1,0,8,1,1,5,2,3,3,5,2,0,7,3,10,0,1,9,3,3,4,2,2,6,10,1,0,10,1,0,10,2,0,10,5,0,10,7,0,6,2,2,2,4,4,0,8,2,10,2,0,10,4,0,10,8,0,7,1,2,2,3,5,9,1,1,10,3,0,10,8,0,10,1,9,10,2,8,9,1,10,9
AlbirexNiigata,3,6,1,3,9,1,2,0,0,0,0,1,1,1,0,3,3,2,1,0,0,1,2,0,2,1,1,1,0,1,1,2,3,3,3,2,3,3,3,2,2,2,1,1,0,0,-3,0,0,1,0,1,0,1,1,1,0,2,2,1,1,1,0,0,0,2,1,0,0,0,1,1,0,1,1,1,1,0,0,1,0,1,0,0,0,0,0,0,0,0,0,0,1,0,0,0,0,0,0,0,0,0,4,1,2,0,0,0,2,1,3,1,0,2,1,2,1,1,0,0,1,0,1,0,0,0,3,3,1,0,2,3,5,1,2,0,0,1,2,0,1,0,1,0,1,0,0,0,3,3,2,0,3,2,0,0,1,2,1,1,0,2,1,0,1,2,0,1,2,0,0,2,1,0,3,0,0,3,0,1,2,2,1,0,1,2,0,0,3,1,2,0,1,2,1,2,2,0,2,3,1,3,3,0,0,2,1,0,3,0,0,3,0,1,2,1,2,3,1,3,3,0,1,2,0,0,2,1,1,2,1,2,2,1,3,3,0,1,2,3,1,2,3,1,2,3,2
Amedspor,18,19,8,8,37,5,4,1,5,1,0,2,4,0,1,9,9,7,3,3,2,7,3,1,6,1,3,1,0,0,2,6,6,7,7,6,6,7,7,4,5,5,1,1,1,2,-1,1,2,2,2,0,1,8,6,3,1,6,4,3,2,5,1,1,1,5,2,1,0,5,7,5,1,3,4,2,2,1,0,0,1,0,0,0,1,0,0,2,1,0,0,0,1,0,0,0,1,0,1,0,0,0,16,2,3,5,4,4,2,1,6,4,3,4,6,6,2,1,0,4,1,1,0,0,0,1,3,4,2,2,10,11,21,4,3,3,2,5,5,2,1,2,0,0,1,0,1,1,4,6,4,2,8,6,4,2,2,6,6,3,1,4,4,1,4,5,1,2,6,2,0,8,2,0,10,0,0,10,0,5,5,4,6,2,4,4,2,3,5,6,5,2,8,6,0,8,8,1,9,10,0,9,10,0,1,8,1,1,9,0,0,9,1,7,8,2,9,9,1,10,9,0,2,6,2,1,8,1,7,6,1,8,8,1,9,9,0,6,5,9,7,8,5,7,6,7,2
AremaFC,8,9,3,3,17,1,2,5,6,1,1,3,2,1,0,7,6,3,1,0,0,3,5,2,5,1,1,0,0,0,4,6,7,7,7,5,6,6,6,3,3,3,1,1,0,0,-1,1,0,0,2,0,0,7,1,0,0,6,3,0,0,3,0,0,0,2,1,0,0,7,7,1,0,6,6,3,0,1,0,0,0,0,1,3,2,0,0,0,0,1,0,0,0,0,0,0,0,0,0,0,0,0,6,3,2,3,0,3,4,1,5,1,0,4,4,7,1,3,0,3,1,0,1,0,0,0,5,5,1,0,5,6,11,3,3,2,2,5,3,3,0,1,1,1,1,0,0,1,6,7,3,0,7,3,1,1,4,3,5,0,0,4,2,0,0,7,1,0,8,0,0,8,0,0,8,0,0,8,0,6,2,5,3,2,4,2,2,4,2,6,7,2,8,8,0,8,8,0,8,8,0,8,8,0,0,5,3,0,8,0,0,8,0,6,5,1,7,8,1,8,8,0,0,5,3,0,8,0,5,5,2,7,8,1,8,8,0,6,7,3,6,5,5,5,5,6,3
Atalanta,11,12,6,5,23,3,3,4,6,0,2,5,1,2,0,10,8,3,2,0,0,3,7,2,6,2,1,3,0,0,7,8,10,10,10,6,8,8,8,3,3,3,2,2,0,0,-1,1,2,0,1,1,1,7,2,2,0,9,2,1,0,3,2,1,0,3,1,1,0,5,7,2,0,8,9,2,0,0,1,1,1,0,1,4,0,0,0,0,0,0,0,0,0,2,0,0,0,0,0,0,0,0,11,3,3,4,0,4,3,1,6,3,2,5,5,7,3,1,1,4,2,0,0,0,0,0,4,6,3,0,5,7,12,1,3,6,4,4,6,1,0,2,3,4,0,0,0,0,8,8,4,0,8,4,0,2,4,4,5,0,0,7,0,0,2,7,1,0,8,2,0,10,0,0,10,0,0,10,0,4,6,5,5,3,4,3,2,6,2,7,7,1,8,8,1,9,10,1,10,10,0,10,10,0,2,7,1,1,8,1,0,9,1,7,7,2,9,8,0,9,9,1,0,9,1,0,10,0,7,9,3,10,10,0,10,10,0,7,7,6,7,7,6,7,9,4,2
Ayeyawady,9,8,1,4,17,3,2,2,3,1,1,1,2,2,0,6,5,4,2,0,0,3,4,2,3,2,1,1,0,1,2,4,6,6,6,3,5,5,5,4,4,4,2,2,0,0,1,1,1,1,1,0,0,4,3,2,0,5,1,1,1,1,0,0,0,3,1,0,0,2,4,3,0,4,4,0,1,1,1,0,0,1,0,1,0,0,0,0,1,0,0,0,1,1,0,0,0,0,0,0,0,0,5,1,3,3,0,3,3,1,4,1,0,3,4,6,1,1,0,3,2,0,1,0,0,0,4,4,1,0,8,4,12,3,1,3,2,0,7,0,2,2,0,1,1,0,0,0,4,4,4,1,5,5,1,2,0,5,4,3,1,3,1,0,2,4,1,1,5,1,0,6,1,0,7,0,0,7,0,3,4,3,4,0,4,3,2,2,3,5,4,1,6,5,0,6,6,0,6,7,1,7,7,0,0,6,1,0,7,0,0,7,0,4,6,2,6,7,1,7,7,0,3,4,0,0,4,3,6,4,0,6,4,1,7,7,0,5,4,5,4,6,4,6,4,4,3
BalestierKhalsa,6,7,4,3,13,0,1,2,3,0,0,0,1,1,0,3,3,3,2,1,1,1,2,0,1,1,0,0,0,0,0,1,2,2,3,1,2,2,3,2,2,3,1,2,1,0,-1,0,0,0,1,0,0,3,2,1,0,3,3,1,0,3,1,0,0,3,0,0,0,2,3,2,0,2,3,3,0,0,0,0,0,0,0,0,1,0,0,0,0,1,0,0,0,0,0,1,0,0,0,0,0,0,7,1,0,2,3,0,0,2,3,3,1,1,2,0,3,0,0,0,0,2,0,1,0,0,2,3,3,0,2,4,6,0,2,1,1,2,1,0,0,0,2,0,0,0,1,0,2,2,0,1,3,1,1,0,2,1,1,1,0,3,1,0,0,3,0,0,3,0,0,3,0,0,3,0,0,3,0,1,2,2,1,2,1,0,0,1,2,2,3,1,3,3,0,3,3,0,3,3,0,3,3,0,0,2,1,0,3,0,0,3,0,3,2,0,3,3,0,3,3,0,0,3,0,0,3,0,1,3,2,3,3,0,3,3,0,2,3,1,3,2,1,1,3,2,2
BaliUnited,13,18,5,6,31,2,5,2,6,0,1,2,3,1,0,9,8,6,3,2,2,5,4,1,5,1,0,3,0,0,3,6,7,7,8,5,6,6,7,4,4,5,1,2,1,1,-5,1,0,1,2,2,1,6,3,2,1,9,6,3,0,3,2,0,0,6,0,0,0,4,5,2,1,6,9,6,0,0,1,1,1,0,0,1,1,1,0,0,1,0,0,0,0,0,0,1,0,0,0,0,0,0,11,3,4,2,2,2,5,0,7,2,2,7,2,7,2,1,0,2,4,0,0,2,0,0,5,7,2,0,8,12,20,2,5,2,5,6,3,1,0,0,2,2,0,0,0,2,5,8,5,1,9,6,4,0,3,6,6,1,1,8,3,1,1,7,1,1,8,0,0,8,1,0,9,0,0,9,0,4,5,7,2,1,4,4,1,5,3,4,7,2,6,8,2,8,8,1,9,9,0,9,9,0,0,6,3,0,9,0,0,9,0,5,6,4,9,9,0,9,9,0,1,7,1,0,8,1,4,7,4,8,8,0,8,9,1,4,7,7,5,6,7,4,7,7,4
Bandirmaspor,12,9,4,5,21,5,2,3,5,0,2,5,3,0,0,10,8,3,0,0,0,5,5,2,8,0,4,1,0,0,7,10,10,10,10,8,8,8,8,3,3,3,0,0,0,0,3,3,2,0,1,0,1,9,3,0,0,6,2,1,0,3,1,0,0,4,1,0,0,9,9,3,0,5,6,2,0,0,0,0,1,0,2,3,1,0,0,2,1,0,0,0,0,0,0,0,0,0,0,0,0,0,9,2,3,5,1,4,3,3,6,3,0,3,7,7,3,1,1,4,2,1,1,0,0,0,6,6,3,0,8,4,12,5,2,3,1,4,6,3,2,2,1,1,1,0,0,0,8,8,4,0,8,4,0,2,4,4,6,2,0,3,1,0,2,5,3,0,8,2,0,10,0,0,10,0,0,10,0,7,3,4,6,3,6,1,3,3,4,8,5,1,9,8,0,9,10,1,10,10,0,10,10,0,1,8,1,0,9,1,0,10,0,7,8,2,9,9,1,10,10,0,2,5,3,0,8,2,8,5,1,9,8,1,10,10,0,8,5,7,7,8,5,8,5,7,3
BeitarJerusalem,12,28,5,8,40,1,8,0,8,0,0,0,3,2,3,9,9,9,6,4,1,6,3,0,3,5,0,0,0,1,0,3,5,8,8,3,5,8,8,5,8,8,5,5,3,1,-16,1,0,0,4,2,0,8,3,1,0,9,9,5,2,5,0,0,0,5,2,1,0,7,8,3,0,4,7,7,2,0,0,0,0,0,0,0,3,2,0,0,0,0,1,0,0,0,1,0,0,0,0,0,0,0,13,2,3,4,3,2,3,2,7,4,2,5,4,5,4,2,0,2,1,2,0,0,0,1,5,7,4,0,7,20,27,1,6,2,6,3,6,0,0,1,0,1,2,1,0,1,3,5,5,3,8,8,5,1,0,8,6,1,0,8,6,3,0,8,1,0,9,0,0,9,0,0,9,0,0,9,0,3,6,8,1,2,4,3,2,5,2,1,8,4,5,9,2,7,9,0,7,9,1,8,9,1,0,7,2,0,9,0,0,9,0,6,7,2,8,9,0,8,9,1,0,8,1,0,9,0,3,8,1,4,9,4,8,9,0,1,8,9,6,7,5,3,8,7,4
BenAknoun,8,9,2,3,17,2,3,3,5,1,2,1,3,1,0,7,5,4,1,0,0,5,3,3,4,1,1,1,0,0,3,6,7,7,7,4,5,5,5,4,4,4,1,1,0,0,-1,2,0,0,3,0,0,6,2,0,0,6,3,0,0,1,1,0,0,3,0,0,0,6,6,2,0,6,6,3,0,1,1,0,0,0,1,1,2,0,0,0,1,1,0,0,0,0,0,0,0,0,0,0,0,0,5,1,2,5,1,5,2,0,3,1,1,3,5,7,1,0,0,5,2,0,0,1,0,0,2,3,1,0,6,6,12,2,2,4,4,4,4,1,0,1,2,3,0,1,0,0,6,7,4,0,7,4,1,1,3,4,5,1,0,6,0,0,0,6,2,0,8,0,0,8,0,0,8,0,0,8,0,3,5,4,4,1,5,2,0,3,5,5,6,3,8,8,0,8,8,0,8,8,0,8,8,0,0,7,1,0,8,0,0,8,0,6,7,2,8,8,0,8,8,0,0,6,2,0,8,0,6,6,2,8,8,0,8,8,0,5,6,5,6,7,3,6,6,4,3
Bodrumspor,15,13,5,6,28,5,2,4,5,1,2,3,2,2,0,10,8,5,3,1,1,4,7,3,5,2,4,0,0,1,5,7,9,9,10,5,7,7,8,4,4,5,2,3,1,0,2,3,1,1,0,1,0,9,5,1,0,6,3,2,2,5,0,0,0,5,1,0,0,8,9,5,0,4,4,1,2,1,0,0,0,1,2,2,0,0,0,1,1,1,0,1,1,0,0,0,0,0,0,0,0,0,11,3,3,5,2,3,5,3,8,3,0,5,6,8,3,3,0,3,2,2,1,0,0,0,8,8,3,0,10,7,17,5,1,5,3,5,6,4,1,2,0,2,0,0,1,0,7,8,4,1,9,5,2,2,4,5,8,2,0,4,2,1,2,6,3,1,9,1,0,10,1,0,11,0,0,11,0,6,5,3,8,1,5,5,2,2,7,9,6,0,9,9,1,10,10,0,10,11,1,11,11,0,0,8,3,0,11,0,0,11,0,8,8,2,10,11,1,11,11,0,1,6,4,0,10,1,10,6,0,10,10,0,10,11,1,9,6,7,8,8,6,10,6,6,4
Bologna,14,18,5,8,32,3,4,4,7,0,2,3,1,4,1,11,9,6,5,1,0,4,7,2,4,5,2,2,0,0,5,6,10,11,11,4,8,9,9,5,6,6,5,5,1,0,-4,2,1,0,1,2,1,9,4,1,0,9,6,3,0,5,0,0,0,6,1,1,0,8,9,4,0,6,9,6,0,0,0,1,1,0,2,2,0,1,0,0,0,2,1,0,0,1,0,0,0,0,0,0,0,0,13,1,3,7,4,4,3,3,7,4,1,3,8,7,3,1,0,4,2,3,0,0,0,0,6,6,3,1,9,10,19,5,3,3,4,7,4,3,0,1,1,2,1,2,0,0,7,10,6,0,10,6,3,1,4,6,7,2,0,7,2,1,1,8,2,0,10,1,0,11,0,0,11,0,0,11,0,5,6,5,6,2,5,4,2,4,5,7,8,1,8,10,2,10,11,1,11,11,0,11,11,0,0,10,1,0,11,0,0,11,0,8,10,2,10,11,1,11,11,0,0,6,5,0,11,0,8,6,1,9,11,1,10,11,1,7,8,7,8,10,4,8,6,8,4
Boluspor,10,20,6,11,30,2,4,5,7,1,3,3,0,1,2,10,7,4,4,3,1,6,5,4,3,3,2,1,0,0,6,6,7,9,9,3,4,6,6,1,3,3,3,3,2,1,-10,2,0,0,1,0,2,9,1,0,0,8,4,3,3,5,1,0,0,6,3,1,1,9,9,1,0,5,5,1,3,1,1,0,0,0,2,3,0,0,2,0,0,1,0,0,0,0,0,0,0,0,0,0,0,0,17,3,6,2,2,2,5,1,9,4,3,7,4,7,3,2,1,2,3,0,0,0,0,2,6,8,3,1,4,9,13,3,5,3,1,5,6,3,0,3,1,0,3,0,0,1,7,8,4,0,8,4,1,3,4,4,4,0,0,5,4,0,0,9,2,0,11,0,0,11,0,0,11,0,0,11,0,6,5,8,3,5,4,2,4,2,5,7,9,1,8,11,0,8,11,2,10,11,0,10,11,1,1,8,2,0,10,1,0,11,0,5,8,5,10,10,0,10,11,0,0,8,3,0,11,0,6,8,2,8,11,3,11,11,0,7,9,6,5,8,9,6,8,8,3
Borneo,12,14,4,7,26,3,4,1,5,0,1,2,0,4,1,8,7,5,5,1,0,2,6,1,2,5,1,2,0,0,3,3,7,8,8,2,6,7,7,4,5,5,5,5,1,0,-2,1,2,0,1,3,0,6,4,2,0,7,5,2,0,4,0,0,0,7,0,0,0,4,6,4,0,5,7,5,0,0,1,1,0,0,0,0,0,2,0,1,0,1,0,0,0,1,1,0,0,0,0,0,0,0,11,1,4,3,3,0,5,3,8,3,0,5,3,5,3,1,0,0,4,3,0,0,0,0,8,8,3,0,8,7,15,3,3,2,4,5,3,1,1,1,1,1,0,1,0,2,4,7,5,0,7,5,3,1,2,5,6,2,0,5,2,0,2,5,1,0,6,2,0,8,0,0,8,0,0,8,0,3,5,4,4,0,4,4,2,2,4,4,5,1,5,6,3,8,8,0,8,8,0,8,8,0,0,7,1,0,8,0,0,8,0,4,7,4,8,8,0,8,8,0,1,5,2,0,7,1,5,5,3,8,7,0,8,8,0,4,5,7,4,7,5,5,5,6,5
CRBelouizdad,6,10,2,3,16,1,3,4,5,0,1,6,1,0,0,8,7,1,0,0,0,2,6,1,7,0,0,3,0,0,7,8,8,8,8,7,7,7,7,1,1,1,0,0,0,0,-4,1,0,0,1,2,0,5,1,0,0,8,2,0,0,2,0,0,0,3,0,0,0,5,5,1,0,8,8,2,0,0,1,2,0,0,0,4,0,0,0,0,1,0,0,0,0,0,0,0,0,0,0,0,0,0,5,1,2,5,1,4,3,1,4,1,0,3,5,7,1,1,0,4,2,1,0,0,0,0,4,4,1,0,4,7,11,1,3,4,3,3,5,1,0,1,2,3,1,0,0,0,7,7,4,0,7,4,0,1,3,4,4,0,0,6,1,0,0,7,1,0,8,0,0,8,0,0,8,0,0,8,0,2,6,4,4,1,3,4,2,5,1,5,7,1,6,8,2,8,8,0,8,8,0,8,8,0,0,7,1,0,8,0,0,8,0,6,7,2,8,8,0,8,8,0,0,7,1,0,8,0,5,7,2,7,8,1,8,8,0,5,7,4,6,7,3,5,7,4,1
Cagliari,17,11,9,4,28,5,2,4,7,1,1,2,5,2,0,10,9,7,2,0,0,6,5,2,7,2,3,0,0,0,3,8,10,10,10,7,9,9,9,7,7,7,2,2,0,0,6,3,1,1,2,0,0,10,6,1,0,7,4,0,0,7,2,0,0,4,0,0,0,9,10,6,0,7,7,4,0,1,0,0,0,0,1,1,2,0,0,1,2,2,0,0,1,0,0,0,0,0,0,0,0,0,13,5,1,5,3,3,4,3,8,4,1,5,6,7,4,3,1,3,1,2,0,1,0,0,7,8,4,0,8,7,15,4,4,3,2,5,6,2,2,2,2,1,1,0,0,1,8,9,5,0,9,5,1,2,4,5,6,2,0,5,2,0,2,6,3,1,9,1,0,10,1,0,11,0,0,11,0,8,3,5,6,4,4,3,2,3,6,9,6,2,11,9,0,11,10,0,11,11,0,11,11,0,1,6,4,0,10,1,0,11,0,10,6,1,11,10,0,11,11,0,2,7,2,0,9,2,7,7,3,10,9,1,11,11,0,9,6,7,10,6,6,7,7,8,6
Como,9,17,4,5,26,3,5,3,3,2,2,1,4,1,0,9,7,6,2,1,1,6,5,4,5,1,2,3,1,0,3,7,8,8,9,5,6,6,7,5,5,6,1,2,1,0,-8,2,0,0,1,0,3,6,1,1,1,6,5,4,1,4,0,0,0,4,1,0,0,5,5,0,1,2,5,4,1,2,0,0,3,0,2,1,1,0,0,0,0,0,0,0,0,0,0,0,0,1,0,0,0,0,9,2,2,7,2,5,3,3,6,3,0,3,8,8,3,2,0,5,1,2,1,0,0,0,6,6,3,0,5,12,17,3,5,3,0,5,6,2,0,3,1,0,2,0,0,0,5,7,4,1,8,5,3,3,3,5,3,1,1,5,4,2,1,8,2,1,10,0,1,10,0,0,10,1,0,11,0,4,7,5,6,3,3,5,2,4,5,6,8,1,7,10,0,7,10,3,10,10,1,11,11,0,0,9,2,0,11,0,0,11,0,9,9,1,10,11,1,11,11,0,1,8,2,1,10,0,6,8,1,7,10,2,9,10,1,6,8,8,9,9,4,6,8,8,4
Constantine,9,5,2,3,14,5,1,2,2,1,3,2,1,1,0,7,4,2,1,0,0,4,4,4,3,1,4,1,0,0,5,6,7,7,7,3,4,4,4,2,2,2,1,1,0,0,4,4,1,0,0,1,0,6,3,0,0,3,2,0,0,2,0,0,0,3,0,0,0,6,6,3,0,3,3,2,0,1,0,1,0,0,3,0,0,0,0,1,1,1,0,0,0,0,0,0,0,0,0,0,0,0,5,1,2,5,1,4,3,1,4,1,0,3,5,7,1,1,0,4,2,1,0,0,0,0,4,4,1,0,7,2,9,5,1,2,1,5,3,4,1,1,1,1,0,0,0,0,7,7,2,0,7,2,0,1,5,2,6,1,0,2,0,0,1,3,4,0,7,1,0,8,0,0,8,0,0,8,0,5,3,2,6,0,4,4,1,0,7,7,3,0,7,7,1,8,8,0,8,8,0,8,8,0,0,7,1,0,8,0,0,8,0,6,7,2,8,8,0,8,8,0,1,3,4,0,7,1,7,3,1,8,7,0,8,8,0,7,3,6,6,7,3,7,3,6,2
Corum,17,13,8,8,30,6,3,2,6,0,3,2,2,3,1,11,8,6,4,1,0,6,5,3,4,4,3,1,1,0,5,7,10,11,11,4,7,8,8,5,6,6,4,4,1,0,4,3,2,0,1,0,2,10,3,3,1,7,3,2,1,7,1,0,0,6,2,0,0,7,9,2,1,5,6,2,1,0,0,0,1,0,3,2,1,0,1,0,0,0,0,0,0,2,0,0,0,1,0,0,0,0,16,3,2,6,4,2,2,7,9,7,0,2,9,4,7,2,1,2,0,4,2,0,0,0,9,9,7,0,9,5,14,5,3,3,2,6,5,2,2,3,2,0,0,1,0,1,6,8,4,0,8,4,2,3,4,4,6,3,0,4,1,0,3,5,3,1,8,2,1,10,0,0,10,1,0,11,0,6,5,3,8,4,5,2,4,1,6,8,5,1,9,8,0,9,10,2,11,10,0,11,11,0,1,8,2,0,10,1,0,11,0,9,8,0,9,10,2,11,11,0,2,6,3,0,9,2,8,6,3,11,9,0,11,11,0,8,5,9,9,8,5,8,6,8,6
Cremonese,15,9,9,4,24,5,3,3,4,2,3,2,1,1,2,9,6,4,3,2,0,6,5,5,3,3,3,1,1,0,5,6,7,9,9,3,4,6,6,2,4,4,3,3,2,0,6,3,0,1,1,2,0,8,2,2,2,5,3,1,0,6,2,1,0,3,1,0,0,6,6,0,2,4,5,3,0,2,0,1,0,0,3,1,1,1,0,0,0,0,0,0,0,0,0,0,0,0,1,0,0,0,13,4,2,5,2,4,3,2,7,4,2,5,6,7,4,2,1,4,1,1,0,0,0,1,5,7,4,0,6,5,11,4,4,3,1,7,4,2,1,3,4,0,0,1,0,0,7,8,2,0,8,2,1,3,6,2,4,2,0,5,0,0,2,6,3,2,9,0,1,9,1,1,10,0,0,10,1,6,5,4,7,5,2,4,1,2,8,8,6,1,9,9,2,11,9,0,11,10,0,11,10,0,2,7,2,1,9,1,0,10,1,9,7,2,11,9,0,11,10,0,1,7,3,0,10,1,7,7,4,11,10,0,11,11,0,8,6,8,9,7,6,7,7,8,4
Dagon,9,13,4,6,22,1,3,2,4,0,0,2,0,3,0,6,6,4,4,1,1,0,6,0,2,3,0,1,1,0,2,2,5,5,6,2,5,5,6,3,3,4,3,4,1,0,-4,0,0,0,0,2,0,5,2,1,1,5,4,2,1,3,1,0,0,3,2,1,0,4,4,1,1,3,4,3,1,0,0,1,0,0,0,1,0,1,0,0,0,1,0,0,0,0,0,0,0,1,0,0,0,0,10,2,2,2,2,2,1,1,4,3,2,2,4,3,2,1,0,2,0,0,1,1,0,0,2,3,2,1,5,7,12,1,3,2,2,2,4,0,0,1,1,1,1,0,0,0,3,4,3,1,5,4,2,1,1,4,3,1,1,4,2,1,1,5,0,1,5,0,1,5,0,0,5,1,0,6,0,2,4,4,2,2,3,1,1,3,2,3,5,0,3,5,2,5,5,0,5,5,1,6,6,0,0,4,2,0,6,0,0,6,0,4,4,0,4,6,2,6,6,0,1,5,0,1,5,0,3,5,1,4,5,2,6,5,0,3,5,4,4,4,4,3,5,4,2
DagonPort,18,18,12,9,36,3,1,2,5,0,1,0,0,1,0,6,5,5,5,4,4,4,2,1,0,1,1,0,0,0,1,1,2,2,3,0,1,1,2,1,1,2,1,2,1,3,0,2,0,1,0,0,0,6,5,3,2,5,5,3,2,6,4,2,0,3,3,1,1,3,4,3,2,2,3,3,2,0,0,0,0,0,1,0,0,0,0,0,0,1,0,0,0,0,0,1,0,0,0,0,0,0,21,4,1,1,3,0,1,1,6,5,4,3,3,1,2,1,1,0,0,0,0,0,1,0,2,3,2,3,6,9,15,0,2,4,4,1,5,0,0,1,0,1,1,0,2,1,2,3,3,2,5,5,3,1,0,5,4,2,0,5,4,0,1,3,2,1,5,0,0,5,1,0,6,0,0,6,0,4,2,2,4,5,0,1,2,2,2,5,3,0,5,5,0,5,5,0,5,6,0,5,6,1,2,2,2,1,4,1,0,5,1,5,2,0,5,4,0,5,5,0,0,6,0,0,6,0,4,6,1,5,6,1,6,6,0,5,3,4,5,2,5,4,6,2,1
DewaUnited,11,5,3,3,16,5,2,1,1,1,2,2,2,1,0,7,5,3,1,0,0,4,4,3,4,1,4,1,1,0,4,6,7,7,7,4,5,5,5,3,3,3,1,1,0,0,6,2,2,0,1,0,1,6,3,1,1,2,2,1,0,3,0,0,0,2,1,0,0,5,5,2,1,1,2,2,0,1,0,0,1,0,2,0,1,0,0,2,0,0,0,0,0,0,0,0,0,1,0,0,0,0,6,3,2,3,0,3,4,1,5,1,0,4,4,7,1,3,0,3,1,0,1,0,0,0,5,5,1,0,8,2,10,4,1,3,1,4,4,2,1,2,1,1,0,0,0,0,5,6,3,0,6,3,1,2,3,3,5,2,1,2,0,0,3,3,2,1,5,2,1,7,0,0,7,1,0,8,0,5,3,2,6,1,4,3,1,0,7,6,3,1,7,5,0,7,7,1,8,7,0,8,8,0,0,5,3,0,8,0,0,8,0,6,5,1,7,8,1,8,8,0,2,4,2,1,6,1,7,4,1,8,6,0,8,7,0,6,3,7,6,5,5,7,4,5,3
ESSetif,11,4,3,2,15,4,1,3,3,1,2,3,1,1,0,7,5,2,1,0,0,3,5,3,4,1,3,1,0,0,5,6,7,7,7,4,5,5,5,2,2,2,1,1,0,0,7,1,2,1,1,0,0,6,3,2,0,4,0,0,0,3,0,0,0,2,0,0,0,4,6,3,0,4,4,0,0,1,1,0,0,0,1,2,0,0,0,1,0,0,0,0,1,1,0,0,0,0,0,0,0,0,5,2,1,5,1,4,3,1,4,1,0,3,5,7,1,2,0,4,1,1,0,0,0,0,4,4,1,0,8,2,10,4,1,3,1,2,6,1,2,3,1,0,0,0,0,0,4,4,2,1,5,3,1,3,2,3,4,3,1,2,0,0,3,4,1,1,5,2,0,7,1,0,8,0,0,8,0,5,3,2,6,2,4,2,2,2,4,7,4,1,8,5,0,8,7,0,8,8,0,8,8,0,0,6,2,0,8,0,0,8,0,7,6,1,8,8,0,8,8,0,3,4,1,0,5,3,7,4,1,8,5,0,8,8,0,7,4,5,7,6,3,7,4,5,1
ElBayadh,13,3,6,0,16,6,0,1,3,0,2,3,1,0,1,7,5,2,1,1,0,4,3,2,4,1,4,0,0,0,5,6,6,7,7,4,4,5,5,1,2,2,1,1,1,0,10,3,2,1,0,0,0,7,4,1,1,3,0,0,0,5,1,0,0,0,0,0,0,6,6,3,1,3,3,0,0,0,0,0,0,0,2,1,0,0,0,2,1,0,0,0,0,0,0,0,0,0,1,0,0,0,6,5,0,2,0,2,4,1,5,1,0,4,3,6,1,4,1,2,0,0,0,0,0,0,5,5,1,0,7,3,10,4,1,2,2,4,3,3,0,1,1,1,0,0,0,0,5,5,1,1,6,2,1,1,4,2,5,1,1,3,0,0,3,1,3,1,4,2,0,6,1,0,7,0,0,7,0,6,1,1,6,2,3,2,0,3,4,7,1,0,7,4,0,7,6,0,7,7,0,7,7,0,1,2,4,0,6,1,0,7,0,7,2,0,7,6,0,7,7,0,1,3,3,0,6,1,6,3,1,7,6,0,7,7,0,7,1,6,7,2,5,6,3,5,1
Erokspor,9,17,3,6,26,2,4,4,5,2,1,3,1,1,1,8,7,4,3,2,1,4,6,3,4,2,1,1,0,1,4,5,6,7,7,4,5,6,6,2,3,3,2,2,1,1,-8,2,0,0,1,2,0,6,2,1,0,7,4,3,2,2,1,0,0,5,1,0,0,5,6,2,0,4,5,2,2,2,0,1,0,0,1,2,0,1,0,0,1,0,0,0,0,0,0,0,1,0,0,0,0,0,9,1,3,6,2,5,2,2,5,3,1,3,7,7,3,0,0,5,2,1,1,1,0,0,4,5,3,0,6,11,17,2,4,4,3,3,7,1,1,2,1,2,1,0,0,0,6,7,5,1,8,6,2,2,2,6,5,1,0,6,3,2,0,8,2,0,10,0,0,10,0,0,10,0,0,10,0,3,7,5,5,2,4,4,1,5,4,6,8,1,7,10,2,9,10,0,9,10,0,9,10,1,0,9,1,0,10,0,0,10,0,7,9,2,9,10,1,10,10,0,1,8,1,0,9,1,6,8,1,7,9,2,9,10,1,6,8,6,7,9,4,6,8,6,3
Erzurumspor,8,17,4,7,25,2,5,3,4,0,0,6,3,1,0,10,10,4,1,0,0,3,7,0,9,1,1,5,0,0,6,9,10,10,10,9,10,10,10,4,4,4,1,1,0,0,-9,1,1,0,0,3,2,5,3,0,0,9,6,2,0,4,0,0,0,6,1,0,0,5,5,3,0,7,9,6,0,0,0,3,2,0,0,2,0,0,0,1,1,1,0,0,0,0,0,0,0,0,0,0,0,0,11,2,4,4,2,2,5,3,8,3,0,5,5,7,3,2,0,2,3,2,1,0,0,0,8,8,3,0,4,10,14,2,6,2,2,6,4,2,0,0,4,2,2,0,0,0,10,10,4,0,10,4,0,0,6,4,4,0,0,8,2,0,1,8,1,0,9,1,0,10,0,0,10,0,0,10,0,3,7,6,4,1,1,8,2,4,4,5,8,0,5,9,3,8,10,2,10,10,0,10,10,0,0,8,2,0,10,0,0,10,0,6,8,3,9,10,1,10,10,0,0,8,2,0,10,0,4,8,4,8,10,2,10,10,0,5,8,7,6,8,6,4,8,8,4
FCBhayangkara,13,3,8,2,16,6,1,1,2,1,3,1,2,0,1,7,4,3,1,1,0,6,2,4,3,1,4,1,0,0,4,6,6,7,7,3,3,4,4,2,3,3,1,1,1,0,10,3,1,2,1,0,0,6,4,2,1,3,0,0,0,5,1,1,1,2,0,0,0,4,5,3,1,3,3,0,0,1,1,0,0,0,2,0,0,0,0,1,1,0,0,0,1,0,0,0,0,0,1,0,0,0,10,4,1,3,1,2,4,1,6,2,1,4,4,6,1,3,0,2,1,1,0,0,0,0,5,5,1,1,5,1,6,4,1,3,0,4,4,3,1,3,1,0,0,0,0,0,5,5,1,0,5,1,0,3,4,1,4,1,0,1,0,0,3,2,3,2,5,1,0,6,2,0,8,0,0,8,0,6,2,2,6,2,2,4,2,1,5,7,2,1,8,5,0,8,6,0,8,8,0,8,8,0,1,4,3,1,7,0,1,7,0,7,4,1,8,7,0,8,7,0,1,4,3,0,7,1,7,4,1,8,7,0,8,8,0,7,2,7,7,4,5,7,4,5,2
Fiorentina,17,9,4,4,26,5,1,5,6,2,1,2,3,3,0,9,8,6,3,0,0,4,7,3,5,3,3,0,0,0,3,6,9,9,9,5,8,8,8,6,6,6,3,3,0,0,8,2,2,1,1,0,0,9,6,2,0,6,3,0,0,3,1,0,0,3,1,0,0,7,9,6,0,6,6,3,0,2,0,0,0,0,1,1,1,0,0,1,1,2,0,0,1,1,0,0,0,0,0,0,0,0,8,2,1,8,2,7,1,2,4,3,1,2,9,8,3,1,0,7,0,1,1,1,0,0,3,4,3,0,13,5,18,6,0,5,4,6,5,4,0,2,0,2,0,1,1,0,6,8,4,1,9,5,3,2,4,5,9,3,1,4,1,0,3,6,2,1,8,2,0,10,1,0,11,0,0,11,0,6,5,1,10,1,6,4,2,3,6,10,6,1,11,8,0,11,10,0,11,11,0,11,11,0,0,9,2,0,11,0,0,11,0,10,9,0,10,11,1,11,11,0,1,5,5,1,10,0,11,5,0,11,10,0,11,10,0,10,6,6,10,9,3,11,5,6,3
Genoa,16,13,6,7,29,4,2,4,9,1,0,2,5,1,0,9,9,7,2,1,1,5,5,1,7,1,0,0,0,0,2,7,8,8,9,7,8,8,9,6,6,7,1,2,1,0,3,3,1,0,2,0,0,9,5,2,0,9,3,1,0,3,2,1,0,6,1,0,0,7,9,5,0,8,9,3,0,1,0,0,0,0,0,2,2,0,0,0,3,0,0,0,0,1,0,1,0,0,0,0,0,0,13,2,5,3,1,2,6,0,8,2,2,7,3,8,1,1,0,2,5,0,0,0,1,0,6,7,1,1,10,6,16,4,2,4,4,4,6,1,2,1,2,3,0,1,0,0,8,9,6,0,9,6,1,1,3,6,7,3,0,6,0,0,1,6,3,0,9,1,0,10,0,0,10,0,0,10,0,6,4,7,3,3,6,1,4,3,3,8,6,2,10,9,0,10,10,0,10,10,0,10,10,0,1,8,1,1,9,0,0,9,1,5,8,5,10,9,0,10,9,0,2,6,2,0,8,2,8,6,2,10,8,0,10,10,0,8,6,6,5,8,7,8,6,6,5
Geylang,1,5,1,3,6,0,2,1,1,1,0,1,0,1,0,2,2,1,1,0,0,0,3,1,1,1,0,1,0,0,1,1,2,2,2,1,2,2,2,1,1,1,1,1,0,0,-4,0,0,0,0,2,0,1,0,0,0,2,2,1,0,1,0,0,0,2,1,0,0,1,1,0,0,1,2,2,0,1,0,1,0,0,0,0,0,1,0,0,0,0,0,0,0,0,0,0,0,0,0,0,0,0,4,0,1,2,1,1,0,2,2,2,0,0,3,1,2,0,0,1,0,1,1,0,0,0,2,2,2,0,0,2,2,0,1,2,0,0,3,0,0,2,0,0,1,0,0,0,1,1,1,0,1,1,0,2,0,1,0,0,0,1,1,0,0,3,0,0,3,0,0,3,0,0,3,0,0,3,0,0,3,2,1,1,0,2,1,1,1,1,3,0,1,3,2,3,3,0,3,3,0,3,3,0,0,3,0,0,3,0,0,3,0,2,3,0,2,3,1,3,3,0,0,3,0,0,3,0,2,3,0,2,3,1,3,3,0,1,3,2,2,3,1,2,3,1,1
H.BeerSheva,13,22,3,10,35,3,6,1,5,0,3,1,2,0,1,10,7,6,4,4,3,7,3,3,3,1,2,2,0,1,4,6,6,7,9,3,3,4,6,2,3,5,1,3,3,1,-9,2,0,1,3,1,0,7,4,2,0,8,4,4,4,2,1,0,0,5,4,1,0,5,7,4,0,4,4,0,4,0,2,0,0,0,1,1,0,0,0,0,1,0,0,1,1,0,0,0,1,0,0,0,0,0,13,1,5,4,1,4,2,3,6,4,1,3,7,6,3,1,0,4,1,0,3,0,0,0,5,5,3,1,10,12,22,4,5,1,3,8,2,2,0,0,3,1,0,0,0,0,6,8,3,2,10,5,4,0,5,5,6,2,2,7,3,2,1,7,2,1,9,0,0,9,1,0,10,0,0,10,0,5,5,7,3,1,5,4,2,5,3,4,7,3,7,9,1,8,9,0,8,10,1,9,10,1,0,9,1,0,10,0,0,10,0,5,9,2,7,10,3,10,10,0,1,6,3,1,9,0,5,6,3,8,9,1,9,9,1,4,7,9,5,9,6,5,6,9,2
HantharwadyUtd,7,7,3,4,14,1,1,3,4,0,1,1,1,2,0,5,4,3,2,0,0,2,3,1,2,2,1,0,0,0,2,3,5,5,5,2,4,4,4,3,3,3,2,2,0,0,0,1,0,0,1,0,0,5,2,0,0,4,3,0,0,3,0,0,0,3,1,0,0,5,5,2,0,4,4,3,0,0,0,0,0,0,1,1,1,0,0,0,0,2,0,0,0,0,0,0,0,0,0,0,0,0,7,1,1,3,2,1,1,3,4,3,0,1,4,2,3,1,0,1,0,2,1,0,0,0,4,4,3,0,4,3,7,2,2,1,1,3,2,1,1,0,2,1,0,0,0,0,5,5,2,0,5,2,0,0,3,2,3,1,0,3,0,0,0,4,1,0,5,0,0,5,0,0,5,0,0,5,0,3,2,3,2,2,2,1,1,1,3,4,4,1,5,5,0,5,5,0,5,5,0,5,5,0,0,4,1,0,5,0,0,5,0,4,4,0,4,5,1,5,5,0,1,3,1,0,4,1,3,3,2,5,4,0,5,5,0,4,4,2,4,4,2,3,3,4,3
HapoelHaifa,14,8,6,3,22,6,3,0,4,0,3,2,2,1,1,9,6,4,2,1,0,6,3,3,4,2,3,2,0,0,5,7,8,9,9,4,5,6,6,3,4,4,2,2,1,0,6,3,2,1,2,1,0,7,4,2,1,6,2,0,0,3,2,1,0,3,0,0,0,5,6,3,1,6,6,2,0,0,1,1,0,0,2,0,1,0,0,1,1,0,0,0,0,1,0,0,0,0,1,0,0,0,9,2,1,6,2,5,1,2,4,3,1,1,8,6,2,0,1,5,1,1,0,0,0,0,3,3,2,1,8,5,13,5,2,2,2,5,4,3,1,2,0,0,1,1,0,1,5,7,4,0,7,4,2,2,3,4,6,2,0,3,2,0,3,3,3,1,6,2,0,8,1,0,9,0,0,9,0,6,3,3,6,2,5,2,3,3,3,6,3,2,8,6,1,9,8,0,9,9,0,9,9,0,2,7,0,0,7,2,0,9,0,8,7,1,9,7,0,9,9,0,1,4,4,0,8,1,7,4,1,8,8,1,9,9,0,6,3,9,8,7,3,7,4,7,1
HapoelJerusalem,14,11,3,4,25,4,2,4,7,1,1,3,3,1,1,9,8,5,2,1,0,5,5,2,6,2,1,1,0,0,4,7,8,9,9,6,7,8,8,4,5,5,2,2,1,0,3,3,0,1,1,1,0,8,4,1,1,8,3,0,0,2,1,0,0,4,0,0,0,7,7,3,1,8,8,3,0,1,0,1,0,0,1,2,1,0,0,0,2,1,0,0,0,0,0,0,0,0,1,0,0,0,7,1,2,7,2,6,2,1,4,2,1,3,7,8,2,0,0,6,2,1,0,1,0,0,3,4,2,0,11,7,18,4,1,5,4,4,6,2,0,2,0,2,1,1,1,0,5,7,5,1,8,6,3,2,2,6,7,3,1,5,2,0,1,6,3,1,9,0,0,9,1,0,10,0,0,10,0,5,5,3,7,1,7,2,3,4,3,8,6,1,9,9,1,10,9,0,10,10,0,10,10,0,0,9,1,0,10,0,0,10,0,8,9,2,10,10,0,10,10,0,1,6,3,1,9,0,9,6,0,9,9,1,10,9,0,8,6,6,8,9,3,9,6,5,2
HapoelPetahTikva,16,19,5,13,35,2,3,4,6,1,0,2,0,3,1,8,8,6,6,3,2,3,6,1,2,4,0,1,1,0,2,2,5,6,6,2,5,6,6,3,4,4,4,4,1,2,-3,0,0,1,0,1,1,7,4,2,2,7,6,2,2,4,1,0,0,7,3,2,1,5,5,2,2,5,5,4,2,1,0,1,0,0,0,1,0,0,1,0,0,2,0,0,0,0,0,0,0,1,0,0,0,0,18,1,5,3,3,1,2,4,8,6,2,4,5,3,5,0,1,1,2,2,1,0,0,0,6,7,5,1,11,6,17,3,2,4,3,1,8,0,2,3,1,1,0,0,0,0,4,4,3,2,6,5,2,3,1,5,5,3,1,4,1,1,2,7,0,2,7,0,1,7,1,0,8,1,0,9,0,3,6,5,4,2,3,4,3,0,6,6,7,0,6,7,1,7,7,1,8,8,0,8,9,1,1,8,0,0,8,1,0,9,0,4,8,2,6,8,1,7,9,2,3,6,0,1,6,2,7,6,1,8,6,1,9,8,0,6,7,5,4,8,6,7,6,5,3
HapoelTelAviv,16,15,6,8,31,4,1,4,6,1,1,1,2,2,0,8,7,6,4,2,2,3,6,2,3,2,2,0,0,0,2,4,6,6,7,3,5,5,6,4,4,5,2,3,1,1,1,3,1,0,0,0,0,8,7,1,0,6,4,2,1,5,1,0,0,4,1,1,1,7,8,7,0,4,5,3,1,1,0,0,0,0,1,0,0,0,0,1,2,2,0,0,0,0,0,1,0,0,0,0,0,0,14,3,2,4,3,3,3,1,6,3,2,4,5,6,2,2,0,3,1,1,0,1,0,0,4,5,2,1,10,7,17,4,2,3,5,5,4,1,1,2,0,1,0,2,0,2,3,7,6,0,7,6,4,2,1,6,7,3,0,5,2,0,1,5,3,0,8,1,0,9,0,0,9,0,0,9,0,7,2,4,5,2,3,4,2,3,4,8,5,0,8,8,0,8,9,0,8,9,1,9,9,0,0,6,3,0,9,0,0,9,0,7,6,1,8,9,0,8,9,0,1,5,3,0,8,1,7,5,2,9,8,0,9,9,0,8,5,5,7,6,5,7,5,6,4
Hatayspor,34,10,17,5,44,8,0,3,7,0,0,2,3,1,3,11,11,9,6,5,2,6,5,0,5,4,1,0,3,0,2,5,6,9,11,5,6,9,11,4,7,9,4,6,5,0,24,2,1,2,0,0,0,11,9,7,5,7,2,1,0,8,6,1,1,5,0,0,0,4,6,4,5,6,7,2,0,0,0,0,0,0,0,2,0,0,0,0,2,0,0,0,1,0,0,1,0,1,1,1,0,0,22,7,2,2,3,1,3,4,10,7,3,6,5,4,6,1,3,1,2,1,0,2,0,0,7,9,6,1,17,5,22,8,0,3,4,6,5,2,2,2,0,0,0,3,1,0,4,8,6,1,9,7,5,2,2,7,9,7,1,4,1,0,6,3,2,5,5,1,3,6,2,2,8,1,0,9,2,10,1,2,9,2,6,3,3,3,5,11,3,0,11,5,0,11,6,0,11,8,0,11,9,0,4,4,3,1,7,3,1,10,0,9,4,2,11,7,0,11,10,0,3,3,5,1,8,2,11,3,0,11,8,0,11,10,0,11,3,8,9,4,9,11,3,8,5
Hougang,4,6,3,2,10,1,2,0,2,0,0,1,1,0,1,3,3,2,1,1,0,2,1,0,2,1,0,1,0,0,1,2,2,3,3,2,2,3,3,1,2,2,1,1,1,0,-2,1,0,0,1,1,0,2,2,0,0,3,2,1,0,2,1,0,0,2,0,0,0,2,2,2,0,2,3,2,0,0,0,1,0,0,0,0,0,0,0,0,1,0,1,0,0,0,0,0,0,0,0,0,0,0,5,1,0,2,2,1,0,1,2,2,1,1,2,1,2,0,0,1,0,1,0,1,0,0,1,2,2,0,1,4,5,1,2,0,0,1,2,1,0,0,0,0,2,0,0,0,3,3,2,0,3,2,0,0,1,2,1,0,0,2,2,0,0,2,1,0,3,0,0,3,0,0,3,0,0,3,0,2,1,2,1,1,0,2,1,2,0,1,2,1,2,3,1,3,3,0,3,3,0,3,3,0,0,2,1,0,3,0,0,3,0,3,2,0,3,3,0,3,3,0,0,2,1,0,3,0,1,2,0,1,3,2,3,3,0,1,2,3,3,2,1,1,2,3,2
IgdirFK,17,11,8,7,28,5,3,2,6,0,2,3,2,1,2,10,8,5,3,2,0,6,4,2,5,3,3,1,0,0,5,7,8,10,10,5,6,8,8,3,5,5,3,3,2,0,6,2,2,1,3,0,0,9,5,3,0,7,3,1,0,7,1,0,0,5,2,0,0,6,9,5,0,6,7,3,0,0,1,0,0,0,1,2,1,0,0,1,0,0,1,0,1,1,1,0,0,0,0,0,0,0,15,2,1,7,5,3,2,3,7,5,2,3,7,5,4,2,0,3,0,3,0,0,1,1,5,6,4,1,9,4,13,5,3,2,1,5,5,2,3,1,3,1,0,0,0,0,9,9,4,0,9,4,0,1,5,4,6,3,0,4,0,0,3,5,2,1,7,2,0,9,1,0,10,0,0,10,0,6,4,4,6,4,4,2,4,2,4,7,5,3,10,7,0,10,9,0,10,10,0,10,10,0,0,8,2,0,10,0,0,10,0,9,8,1,10,10,0,10,10,0,3,5,2,0,7,3,7,5,3,10,7,0,10,10,0,7,5,8,9,8,3,7,5,8,4
Inter,9,17,4,8,26,2,8,0,4,0,3,3,2,1,0,10,7,4,2,1,1,6,4,3,5,1,0,6,0,0,6,8,9,9,9,5,6,6,6,3,3,3,1,1,0,1,-8,1,1,0,5,3,0,4,2,2,1,10,6,1,0,3,1,0,0,7,1,0,0,2,3,1,1,9,10,6,0,0,3,3,0,0,0,0,2,0,0,0,0,0,0,0,0,1,0,0,0,0,0,0,1,0,12,2,5,3,2,2,5,2,8,3,1,6,4,7,3,1,0,2,4,1,1,1,0,0,7,8,3,0,5,9,14,2,5,3,2,6,4,1,0,2,4,0,1,1,1,0,6,7,2,1,8,3,2,2,5,3,3,2,0,7,2,0,1,8,1,0,9,1,0,10,0,0,10,0,0,10,0,3,7,8,2,1,2,7,3,4,3,2,8,5,7,9,3,10,10,0,10,10,0,10,10,0,0,8,2,0,10,0,0,10,0,5,8,4,9,10,1,10,10,0,0,8,2,0,10,0,5,8,4,9,10,1,10,10,0,2,8,10,5,8,7,5,8,7,3
IroniTiberias,23,9,10,2,32,6,2,2,4,0,0,7,0,1,0,10,10,3,3,2,2,2,8,0,7,1,4,1,0,0,7,7,8,8,8,7,8,8,8,1,1,1,1,1,0,2,14,0,4,1,0,2,0,9,6,2,2,5,3,1,0,6,2,1,1,2,0,0,0,7,7,4,2,4,5,3,0,0,0,1,0,0,0,2,0,1,0,4,0,0,0,0,0,0,0,0,0,0,0,0,0,0,12,6,2,2,0,2,6,1,8,2,1,6,4,8,1,4,1,2,2,0,0,0,0,0,7,7,1,1,13,7,20,5,4,1,2,6,4,2,1,1,2,0,1,0,0,1,6,8,4,1,9,5,3,1,4,5,6,3,2,5,2,0,6,4,0,2,4,4,1,8,1,1,9,0,1,9,0,8,2,5,5,4,3,3,0,4,6,8,4,0,8,4,2,10,8,0,10,9,0,10,9,0,2,4,4,1,8,1,1,9,0,8,4,2,10,8,0,10,9,0,3,5,2,2,7,1,6,5,3,9,7,1,10,8,0,8,4,8,8,4,8,6,5,9,1
IspeFC,8,2,1,1,10,3,0,0,2,0,0,0,2,1,0,3,3,3,1,0,0,2,1,0,2,1,1,0,0,0,0,2,3,3,3,2,3,3,3,3,3,3,1,1,0,0,6,1,1,1,0,0,0,3,3,2,0,2,0,0,0,1,0,0,0,1,0,0,0,1,3,3,0,2,2,0,0,0,0,0,0,0,0,0,0,0,0,0,1,0,0,0,1,1,0,0,0,0,0,0,0,0,2,1,1,1,0,1,2,0,2,0,0,2,1,3,0,1,0,1,1,0,0,0,0,0,2,2,0,0,7,1,8,3,0,0,1,2,1,0,1,0,0,0,0,1,0,0,1,3,3,0,3,3,2,0,0,3,3,3,1,1,0,0,2,0,1,1,1,1,0,2,1,0,3,0,0,3,0,3,0,1,2,0,3,0,1,1,1,3,0,0,3,1,0,3,2,0,3,3,0,3,3,0,0,2,1,0,3,0,0,3,0,2,2,1,3,3,0,3,3,0,2,0,1,1,1,1,3,0,0,3,1,0,3,2,0,3,0,3,2,2,2,3,0,3,2
IstanbulsporAS,19,12,7,5,31,4,3,3,4,2,0,1,3,1,2,8,8,7,4,3,1,5,5,2,4,3,0,1,3,0,1,4,5,7,8,4,5,7,8,4,6,7,3,4,3,0,7,1,0,0,1,0,1,7,4,3,3,5,3,2,1,6,1,0,0,3,2,0,0,4,4,1,3,3,4,2,1,2,0,0,1,0,0,1,1,0,0,0,1,0,0,0,0,0,0,0,0,1,0,0,0,0,12,4,2,4,2,3,3,3,7,4,1,4,6,6,4,3,1,3,0,1,1,0,0,1,6,7,4,0,12,7,19,3,3,4,1,5,5,0,0,3,1,1,1,0,0,0,3,6,5,1,7,6,4,3,1,6,4,3,3,4,2,1,3,6,1,3,7,0,3,7,0,2,7,1,0,8,2,5,5,3,7,3,3,4,2,3,5,7,6,1,8,7,0,8,7,1,9,7,1,10,8,0,1,6,3,0,9,1,0,10,0,8,6,1,9,9,1,10,10,0,3,7,0,3,7,0,7,7,1,8,7,1,9,7,1,7,6,7,8,6,6,7,7,6,6
Juventus,9,12,4,4,21,4,5,2,4,0,4,4,3,0,0,11,7,3,0,0,0,7,4,4,7,0,3,4,0,0,8,11,11,11,11,7,7,7,7,3,3,3,0,0,0,0,-3,3,1,0,3,1,1,7,2,0,0,8,3,1,0,4,0,0,0,4,0,0,0,7,7,2,0,7,8,3,0,0,2,1,1,0,2,2,1,0,0,1,1,0,0,0,0,0,0,0,0,0,0,0,0,0,8,3,3,5,1,4,6,1,7,1,0,6,5,10,1,3,0,4,3,1,0,0,0,0,7,7,1,0,5,8,13,3,4,4,2,5,6,3,0,2,2,2,2,0,0,0,9,9,4,0,9,4,0,2,5,4,5,0,0,6,2,0,1,7,3,0,10,1,0,11,0,0,11,0,0,11,0,5,6,6,5,2,3,6,2,5,4,6,7,3,9,10,1,10,11,1,11,11,0,11,11,0,0,8,3,0,11,0,0,11,0,8,8,3,11,11,0,11,11,0,0,8,3,0,11,0,7,8,2,9,11,2,11,11,0,6,7,9,8,8,6,7,8,7,3
Kabylie,8,6,2,2,14,3,2,2,3,0,3,2,1,1,0,7,4,2,1,0,0,4,3,3,3,1,3,1,0,0,5,6,7,7,7,3,4,4,4,2,2,2,1,1,0,0,2,2,1,0,2,0,0,6,2,0,0,4,2,0,0,2,0,0,0,2,0,0,0,6,6,2,0,4,4,2,0,0,1,0,0,0,2,1,1,0,0,1,0,1,0,0,0,0,0,0,0,0,0,0,0,0,4,0,0,7,2,5,0,2,2,2,0,0,7,5,2,0,0,5,0,2,0,0,0,0,2,2,2,0,6,4,10,3,2,2,1,4,3,2,1,1,2,0,0,0,1,0,5,5,1,1,6,2,1,1,4,2,4,2,0,3,1,0,1,4,2,0,6,1,0,7,0,0,7,0,0,7,0,3,4,2,5,2,4,1,1,2,4,5,4,2,7,6,0,7,7,0,7,7,0,7,7,0,0,7,0,0,7,0,0,7,0,7,7,0,7,7,0,7,7,0,1,4,2,0,6,1,5,4,2,7,6,0,7,7,0,5,4,5,7,7,0,5,4,5,1
Keciorengucu,18,22,11,12,40,3,3,5,10,0,1,3,1,4,1,11,10,7,6,2,1,4,7,1,4,5,1,0,0,0,4,5,9,10,10,4,8,9,9,5,6,6,5,5,1,1,-4,2,0,1,0,2,0,11,5,1,1,10,5,3,1,8,2,1,0,7,4,1,0,10,10,4,1,7,9,4,1,0,0,0,0,0,1,3,0,2,0,0,1,2,0,0,0,0,0,0,0,0,1,0,0,0,23,4,4,3,4,0,4,3,11,7,4,7,4,4,6,3,0,0,1,2,1,0,1,1,7,10,6,1,7,10,17,3,3,5,3,5,6,3,0,3,1,2,0,0,0,0,6,7,3,1,8,4,2,3,4,4,6,1,0,5,2,2,1,8,2,1,10,0,0,10,1,0,11,0,0,11,0,7,4,6,5,6,3,2,6,4,1,8,8,0,8,10,2,10,10,0,10,11,0,10,11,1,1,7,3,1,10,0,0,10,1,7,7,2,9,10,1,10,10,1,0,8,3,0,11,0,8,8,1,9,11,1,10,11,1,8,8,6,7,7,8,8,8,6,5
Khenchela,9,6,5,4,15,3,2,2,4,0,1,4,2,0,0,7,6,2,0,0,0,3,4,1,6,0,3,0,0,0,5,7,7,7,7,6,6,6,6,2,2,2,0,0,0,0,3,1,2,0,2,0,0,7,2,0,0,4,2,0,0,3,2,0,0,4,0,0,0,7,7,2,0,4,4,2,0,0,0,0,0,0,1,2,2,0,0,2,0,0,0,0,0,0,0,0,0,0,0,0,0,0,9,2,3,2,1,1,3,3,6,3,0,3,4,4,3,0,2,1,3,1,0,0,0,0,6,6,3,0,4,2,6,2,0,5,2,2,5,2,0,3,0,2,0,0,0,0,4,4,2,0,4,2,0,3,2,2,4,0,0,2,0,0,2,4,1,0,5,2,0,7,0,0,7,0,0,7,0,4,3,3,4,3,4,0,2,0,5,5,4,2,7,5,0,7,7,0,7,7,0,7,7,0,2,5,0,0,5,2,0,7,0,4,5,3,7,5,0,7,7,0,0,5,2,0,7,0,7,5,0,7,7,0,7,7,0,5,4,5,4,5,5,7,5,2,2
KiryatShmona,22,15,8,8,37,6,2,2,9,1,0,1,2,3,2,9,9,8,6,3,1,5,5,1,3,5,0,0,0,0,1,3,6,8,8,3,6,8,8,5,7,7,5,5,2,1,7,2,3,1,1,0,1,9,8,4,1,9,2,2,1,6,2,0,0,6,2,0,0,5,8,7,1,7,8,1,1,1,0,0,0,0,0,1,0,0,0,0,2,0,1,0,0,3,0,0,0,0,1,0,0,0,16,3,3,4,4,2,2,4,8,6,2,4,6,4,6,1,1,2,1,2,1,1,0,1,6,8,6,0,14,7,21,6,2,2,4,5,5,2,2,1,1,1,0,1,0,0,6,7,4,2,9,6,3,1,3,6,8,5,1,5,1,1,4,4,2,1,6,3,0,9,1,0,10,0,0,10,0,7,3,4,6,2,6,2,5,4,1,8,4,1,9,6,0,9,9,1,10,10,0,10,10,0,1,7,2,0,9,1,0,10,0,7,7,2,9,9,1,10,10,0,3,4,3,0,7,3,8,4,2,10,7,0,10,10,0,8,4,8,7,7,6,8,4,8,5
Lazio,7,6,1,2,13,4,3,3,1,2,4,3,1,0,0,8,4,1,0,0,0,5,5,6,4,0,4,3,0,0,7,8,8,8,8,4,4,4,4,1,1,1,0,0,0,0,1,2,2,0,2,0,1,5,2,0,0,4,1,1,0,1,0,0,0,1,1,0,0,5,5,2,0,3,4,1,0,2,2,0,1,0,2,1,0,0,0,2,0,0,0,0,0,0,0,0,0,0,0,0,0,0,3,1,1,8,0,8,1,1,2,1,0,1,9,9,1,1,0,8,0,0,1,0,0,0,2,2,1,0,6,4,10,4,3,3,1,6,4,3,1,2,3,1,0,0,0,0,8,8,2,0,8,2,0,2,6,2,5,1,0,4,0,0,2,6,2,0,8,2,0,10,0,0,10,0,0,10,0,4,6,3,7,0,4,6,1,3,6,7,6,2,9,8,0,9,10,1,10,10,0,10,10,0,0,9,1,0,10,0,0,10,0,9,9,0,9,10,1,10,10,0,1,6,3,0,9,1,7,6,3,10,9,0,10,10,0,7,6,7,9,9,2,7,6,7,1
Lecce,14,6,4,3,20,6,2,2,3,1,4,3,0,0,2,9,5,2,2,2,0,6,4,5,3,2,4,2,0,0,7,7,7,9,9,3,3,5,5,0,2,2,2,2,2,0,8,3,2,1,2,0,0,7,4,2,1,5,1,0,0,3,1,0,0,3,0,0,0,5,6,3,1,5,5,1,0,1,2,0,0,0,2,1,0,0,0,2,0,0,0,0,0,0,1,0,0,0,1,0,0,0,7,3,3,4,0,4,5,1,6,1,0,5,5,9,1,2,1,4,3,0,0,0,0,0,6,6,1,0,10,3,13,6,1,3,2,5,5,4,1,3,0,0,0,0,0,1,5,6,2,1,7,3,2,3,4,3,7,2,1,2,1,0,3,4,3,1,7,2,0,9,1,0,10,0,0,10,0,7,3,4,6,1,5,4,3,2,5,8,4,2,10,7,0,10,9,0,10,10,0,10,10,0,1,7,2,0,9,1,0,10,0,7,7,3,10,9,0,10,10,0,2,4,4,0,8,2,9,4,1,10,8,0,10,10,0,8,4,8,7,7,6,9,4,7,1
LionCity,0,15,0,7,15,0,3,0,0,0,0,0,1,0,1,3,3,3,2,2,1,3,0,0,1,1,0,1,0,1,0,1,1,2,2,1,1,2,2,1,2,2,1,1,1,1,-15,0,0,0,0,0,1,0,0,0,0,3,3,3,2,0,0,0,0,3,1,1,1,0,0,0,0,0,1,1,2,0,0,0,1,0,0,0,0,0,0,0,0,0,0,0,0,0,0,0,0,0,0,0,0,0,7,0,3,0,0,0,2,0,3,1,1,3,0,2,0,0,0,0,2,0,0,0,0,0,2,2,0,1,0,8,8,0,3,0,0,0,3,0,0,0,0,0,2,0,0,0,2,2,2,1,3,3,1,0,0,3,0,0,0,3,3,1,0,3,0,0,3,0,0,3,0,0,3,0,0,3,0,0,3,3,0,0,0,3,1,2,0,0,3,0,0,3,0,0,3,1,1,3,0,1,3,1,0,3,0,0,3,0,0,3,0,0,3,2,2,3,0,2,3,0,0,3,0,0,3,0,0,3,0,0,3,2,2,3,0,0,3,3,0,3,3,0,3,3,1
MCAlger,2,4,1,1,6,1,3,3,1,2,4,1,0,0,0,5,1,0,0,0,0,4,3,6,1,0,1,3,0,0,5,5,5,5,5,1,1,1,1,0,0,0,0,0,0,0,-2,1,0,0,3,0,0,2,0,0,0,4,0,0,0,1,0,0,0,1,0,0,0,2,2,0,0,4,4,0,0,2,3,0,0,0,1,1,0,0,0,0,0,0,0,0,0,0,0,0,0,0,0,0,0,0,2,1,1,5,0,5,2,0,2,0,0,2,5,7,0,1,0,5,1,0,0,0,0,0,2,2,0,0,1,3,4,0,2,5,1,2,5,0,0,4,2,1,0,0,0,0,3,3,1,0,3,1,0,4,2,1,1,0,0,3,0,0,0,6,1,0,7,0,0,7,0,0,7,0,0,7,0,1,6,3,4,1,1,5,1,3,3,4,6,3,7,7,0,7,7,0,7,7,0,7,7,0,0,6,1,0,7,0,0,7,0,6,6,1,7,7,0,7,7,0,0,7,0,0,7,0,5,7,2,7,7,0,7,7,0,4,6,4,6,6,2,5,7,2,0
MaccabiBneiRaina,21,6,11,3,27,8,1,0,5,0,2,1,2,3,1,9,7,6,4,1,0,5,4,2,3,4,3,0,1,0,3,5,8,9,9,3,6,7,7,5,6,6,4,4,1,0,15,3,3,1,1,0,0,9,6,4,2,5,1,0,0,7,3,1,0,3,0,0,0,5,7,4,2,5,5,1,0,0,0,0,0,0,2,0,1,0,0,1,1,0,0,0,0,2,0,0,0,1,1,0,0,0,14,7,1,1,2,1,5,0,8,3,3,8,1,6,3,4,0,1,1,0,0,2,0,0,5,8,3,0,10,3,13,4,0,5,3,3,6,2,1,2,0,3,0,0,0,0,6,7,5,0,7,5,1,2,2,5,7,2,1,3,0,0,5,1,3,2,4,3,1,7,1,0,8,1,0,9,0,8,1,1,8,5,3,1,2,2,5,8,1,1,9,4,0,9,7,0,9,8,0,9,9,0,1,2,6,1,8,0,0,8,1,8,2,1,9,8,0,9,8,0,2,5,2,1,7,1,9,5,0,9,7,0,9,8,0,8,1,9,8,2,8,9,5,4,6
MaccabiHaifa,6,15,2,6,21,0,3,7,4,3,1,3,0,2,0,7,6,3,3,1,1,1,9,4,3,2,0,1,0,2,4,4,6,6,7,3,5,5,6,2,2,3,2,3,1,0,-9,0,0,0,1,0,0,4,1,1,0,7,3,3,2,2,0,0,0,4,2,0,0,3,4,1,0,4,5,1,2,3,1,0,0,2,0,3,0,0,0,0,0,0,0,0,0,0,0,1,0,0,0,0,0,0,8,1,3,6,1,5,2,3,5,3,0,2,8,7,3,1,0,5,1,1,2,0,0,0,5,5,3,0,4,9,13,1,4,5,2,3,7,1,0,4,1,1,2,0,0,0,5,5,3,1,6,4,1,4,2,4,3,1,0,5,3,1,0,10,0,0,10,0,0,10,0,0,10,0,0,10,0,2,8,5,5,1,3,6,2,3,5,7,10,1,8,10,0,8,10,0,8,10,2,10,10,0,0,9,1,0,10,0,0,10,0,7,9,1,8,10,2,10,10,0,0,9,1,0,10,0,6,9,2,8,10,2,10,10,0,7,10,3,7,9,4,6,9,5,2
MaccabiTelAviv,10,17,6,7,27,2,4,3,5,1,1,2,0,3,2,8,7,5,5,2,0,3,6,2,2,5,1,1,0,1,3,3,6,8,8,2,5,7,7,3,5,5,5,5,2,0,-7,1,0,1,0,2,1,6,2,1,1,7,5,3,2,6,0,0,0,4,2,1,0,5,5,1,1,4,5,3,2,1,0,1,0,1,1,1,0,1,1,0,0,1,0,0,0,0,0,0,0,0,1,0,0,0,13,3,3,3,3,2,4,1,7,3,2,5,4,6,2,3,0,2,1,1,0,0,0,1,5,6,2,1,4,10,14,1,5,3,2,4,5,0,0,3,2,0,1,0,0,1,3,5,3,1,6,4,3,3,2,4,2,1,1,6,3,1,1,7,1,1,8,0,0,8,1,0,9,0,0,9,0,3,6,5,4,4,1,4,3,4,2,5,7,0,5,8,2,7,8,1,8,9,1,9,9,0,0,6,3,0,9,0,0,9,0,6,6,2,8,9,1,9,9,0,1,8,0,0,8,1,4,8,3,7,8,1,8,9,1,5,7,6,6,6,6,4,8,6,3
MaduraUnited,10,8,2,4,18,3,2,3,4,1,2,2,1,1,1,7,5,3,2,1,0,4,4,3,3,2,2,1,0,0,4,5,6,7,7,3,4,5,5,2,3,3,2,2,1,0,2,2,0,1,1,1,0,6,2,1,1,5,3,0,0,2,0,0,0,4,0,0,0,5,5,1,1,5,5,3,0,1,0,1,0,0,2,1,1,0,0,0,0,1,0,0,0,0,0,0,0,0,1,0,0,0,6,0,2,6,2,4,2,2,4,2,0,2,6,6,2,0,0,4,2,2,0,0,0,0,4,4,2,0,8,4,12,4,1,3,2,4,4,3,0,1,0,2,1,0,0,0,6,7,4,0,7,4,1,1,3,4,6,1,1,3,1,0,1,5,2,1,7,0,0,7,1,0,8,0,0,8,0,4,4,3,5,0,5,3,2,1,5,6,5,1,7,7,1,8,7,0,8,8,0,8,8,0,0,8,0,0,8,0,0,8,0,6,8,2,8,8,0,8,8,0,1,4,3,1,7,0,7,4,0,7,7,1,8,7,0,6,5,5,6,8,2,7,4,5,3
MaharUnited,10,6,7,2,16,3,1,1,3,0,1,0,2,1,1,5,4,4,2,1,0,4,1,1,2,2,2,0,0,0,1,3,4,5,5,2,3,4,4,3,4,4,2,2,1,0,4,2,0,1,1,0,0,5,3,2,0,3,3,0,0,4,3,0,0,2,0,0,0,3,5,3,0,3,3,3,0,0,0,0,0,0,1,0,1,0,0,0,0,1,0,0,1,0,1,0,0,0,0,0,0,0,9,4,0,1,2,1,1,1,4,3,2,3,2,2,3,1,1,1,0,0,0,2,0,0,2,4,3,0,3,4,7,2,2,1,1,3,2,2,0,0,1,1,1,0,0,0,5,5,2,0,5,2,0,0,3,2,3,0,0,3,1,0,1,2,2,1,4,0,0,4,1,0,5,0,0,5,0,5,0,2,3,4,1,0,0,1,4,4,2,1,5,4,0,5,4,0,5,5,0,5,5,0,1,1,3,0,4,1,0,5,0,5,1,0,5,4,0,5,5,0,0,3,2,0,5,0,3,3,1,4,5,1,5,5,0,4,2,4,5,1,4,3,3,4,4
MalutUnited,8,13,4,5,21,2,5,2,6,1,2,1,3,2,0,8,6,5,2,0,0,5,4,3,4,2,0,2,0,0,3,6,8,8,8,4,6,6,6,5,5,5,2,2,0,0,-5,2,0,0,3,2,0,6,2,0,0,8,3,2,0,2,2,0,0,5,0,0,0,6,6,2,0,6,8,3,0,1,2,0,0,0,0,1,1,2,0,0,2,0,0,0,0,0,0,0,0,0,0,0,0,0,9,2,5,2,0,2,5,2,7,2,0,5,4,7,2,0,2,2,5,0,0,0,0,0,7,7,2,0,4,8,12,0,4,5,4,4,5,0,0,3,2,2,0,0,0,2,4,6,4,0,6,4,2,3,2,4,4,0,0,6,2,0,0,7,2,0,9,0,0,9,0,0,9,0,0,9,0,2,7,7,2,2,4,3,2,5,2,4,7,3,7,9,2,9,9,0,9,9,0,9,9,0,2,7,0,0,7,2,0,9,0,4,7,5,9,7,0,9,9,0,0,9,0,0,9,0,5,9,4,9,9,0,9,9,0,4,7,7,4,7,7,5,9,4,5
ManisaFK,16,14,7,6,30,5,3,3,6,1,1,4,1,2,2,10,9,5,4,2,0,4,7,2,5,4,2,2,0,0,5,6,8,10,10,5,7,9,9,3,5,5,4,4,2,0,2,2,3,0,1,1,1,8,6,2,0,8,4,1,1,5,1,1,0,5,1,0,0,6,8,6,0,7,7,3,1,1,1,1,0,0,0,1,0,0,1,2,1,1,0,0,0,1,1,0,0,0,0,0,0,0,13,3,3,5,2,3,4,3,8,4,1,5,6,7,4,2,0,3,2,2,1,0,0,0,7,8,4,0,9,8,17,3,3,5,4,5,6,1,1,3,2,1,0,1,1,1,5,7,4,1,8,5,3,3,3,5,6,3,0,6,2,0,3,6,2,0,8,3,0,11,0,0,11,0,0,11,0,5,6,4,7,2,4,5,2,3,6,8,6,1,9,8,1,10,11,1,11,11,0,11,11,0,1,8,2,1,10,0,0,10,1,8,8,2,10,10,1,11,10,0,1,8,2,0,10,1,8,8,3,11,10,0,11,11,0,8,6,8,8,8,6,8,8,6,4
Mostaganem,9,2,5,0,11,7,0,1,1,1,6,0,0,0,1,7,1,1,1,1,0,7,1,7,0,1,6,0,0,0,6,6,6,7,7,0,0,1,1,0,1,1,1,1,1,0,7,7,0,0,0,0,0,7,1,1,0,1,1,0,0,3,1,1,0,0,0,0,0,6,7,1,0,1,1,1,0,1,0,0,0,0,6,0,0,0,0,0,0,0,0,0,0,0,1,0,0,0,0,0,0,0,5,3,0,5,0,5,2,0,3,1,1,3,5,7,1,2,0,5,0,0,0,0,0,0,2,3,1,0,4,2,6,4,1,3,0,4,4,4,0,3,0,0,1,0,0,0,5,5,1,0,5,1,0,3,4,1,4,0,0,1,1,0,0,1,7,0,8,0,0,8,0,0,8,0,0,8,0,7,1,1,7,3,4,1,0,1,7,8,1,0,8,8,0,8,8,0,8,8,0,8,8,0,1,5,2,1,7,0,0,7,1,8,5,0,8,7,0,8,7,0,0,4,4,0,8,0,7,4,0,7,8,1,8,8,0,8,1,7,8,5,3,7,4,5,1
Napoli,9,14,4,9,23,4,6,1,3,0,4,4,1,2,0,11,7,3,2,0,0,5,6,4,5,2,3,5,0,0,8,9,11,11,11,5,7,7,7,3,3,3,2,2,0,0,-5,3,1,0,2,4,0,6,3,0,0,8,5,1,0,3,1,0,0,6,3,0,0,6,6,3,0,7,8,5,0,0,2,3,0,0,2,0,0,1,0,1,1,1,0,0,0,0,0,0,0,0,0,0,0,0,13,2,5,4,1,3,3,5,8,5,0,3,8,6,5,1,1,3,2,1,3,0,0,0,8,8,5,0,5,5,10,2,3,6,2,4,7,1,1,4,3,2,0,0,0,0,7,7,3,0,7,3,0,4,4,3,4,1,0,5,0,0,1,7,3,0,10,1,0,11,0,0,11,0,0,11,0,4,7,7,4,2,3,6,4,2,5,5,7,2,7,10,4,11,11,0,11,11,0,11,11,0,1,9,1,0,10,1,0,11,0,6,9,2,8,10,3,11,11,0,1,9,1,0,10,1,8,9,3,11,10,0,11,11,0,5,7,10,6,9,7,8,9,5,3
Netanya,26,15,11,4,41,6,4,0,7,0,0,1,3,3,1,10,10,9,6,3,2,5,5,0,4,4,1,0,2,0,1,4,7,8,9,4,7,8,9,6,7,8,4,5,2,1,11,1,3,0,4,0,0,10,8,5,3,7,5,2,1,8,3,0,0,3,1,0,0,5,7,5,3,5,6,4,1,0,0,0,0,0,0,0,2,0,0,1,1,0,1,0,0,1,0,0,1,2,0,1,0,0,15,7,3,0,1,0,6,3,10,4,1,7,3,6,4,4,3,0,2,0,0,0,0,1,9,10,4,0,15,11,26,5,2,3,5,2,8,1,3,0,0,2,1,0,1,0,7,7,6,3,10,9,3,0,1,9,9,5,1,6,4,1,5,4,1,2,5,3,2,8,0,0,8,2,0,10,0,8,2,5,5,2,4,4,1,4,5,6,4,4,10,5,0,10,8,0,10,8,0,10,10,0,3,3,4,0,7,3,0,10,0,7,3,3,10,7,0,10,10,0,3,5,2,0,7,3,8,5,0,8,7,2,10,10,0,6,4,10,7,3,10,8,5,7,6
OlympiqueAkbou,12,10,4,5,22,3,1,3,6,1,0,1,2,1,2,6,6,5,3,2,0,4,3,1,3,3,0,0,0,0,1,3,4,6,6,3,4,6,6,3,5,5,3,3,2,0,2,3,0,0,1,0,0,6,4,2,0,6,4,0,0,4,0,0,0,4,1,0,0,4,6,4,0,6,6,4,0,1,0,0,0,0,0,1,1,0,0,0,1,1,0,0,0,0,2,0,0,0,0,0,0,0,9,1,1,5,3,2,1,4,5,4,0,1,6,3,4,1,0,2,0,3,1,0,0,0,5,5,4,0,8,5,13,3,0,4,5,3,4,1,0,1,0,3,0,2,0,0,4,6,5,0,6,5,2,1,1,5,6,2,0,5,0,0,0,4,3,0,7,0,0,7,0,0,7,0,0,7,0,4,3,1,6,0,4,3,1,2,4,6,4,1,7,7,0,7,7,0,7,7,0,7,7,0,0,6,1,0,7,0,0,7,0,6,6,0,6,7,1,7,7,0,0,4,3,0,7,0,7,4,0,7,7,0,7,7,0,6,4,4,6,6,2,7,4,3,5
Oran,9,8,5,3,17,4,2,1,3,0,2,3,0,1,1,7,5,2,2,1,0,3,4,2,3,2,3,1,0,0,5,5,6,7,7,3,4,5,5,1,2,2,2,2,1,0,1,3,1,0,0,2,0,6,2,1,0,4,3,1,0,4,1,0,0,3,0,0,0,5,6,2,0,3,4,3,0,0,0,1,0,0,2,1,0,1,0,1,0,0,0,0,0,0,1,0,0,0,0,0,0,0,8,3,1,3,2,2,3,1,5,2,1,4,3,5,2,2,0,2,1,1,0,1,0,0,4,5,2,0,4,5,9,1,2,4,2,1,6,0,1,2,1,2,1,0,0,0,5,5,4,0,5,4,0,2,1,4,3,1,0,4,1,0,1,3,3,0,6,1,0,7,0,0,7,0,0,7,0,4,3,2,5,4,2,1,0,2,5,5,3,0,5,6,2,7,7,0,7,7,0,7,7,0,0,4,3,0,7,0,0,7,0,6,4,1,7,7,0,7,7,0,1,6,0,0,6,1,5,6,1,6,6,1,7,7,0,5,3,6,6,4,4,5,6,3,2
PSBSBiakNumfor,24,9,10,3,33,5,1,1,6,0,0,0,1,3,2,7,7,7,6,3,1,3,4,0,1,5,0,0,1,0,0,1,4,6,6,1,4,6,6,4,6,6,5,5,2,1,15,0,2,1,1,0,0,7,6,5,3,6,3,0,0,6,3,1,0,2,1,0,0,2,4,3,3,6,6,3,0,0,0,0,0,0,0,0,1,0,0,0,0,1,0,0,0,2,0,0,0,0,1,0,0,0,13,4,1,2,2,1,1,3,6,5,2,3,4,2,5,1,2,1,0,1,0,0,0,1,4,6,5,0,14,6,20,5,2,0,3,4,3,1,1,0,1,0,0,0,0,1,3,5,3,2,7,5,4,0,2,5,6,4,3,4,2,0,5,2,0,3,2,2,2,4,1,1,5,1,0,6,1,6,1,3,4,1,5,1,2,4,1,6,2,1,7,2,0,7,4,0,7,5,0,7,6,0,3,3,1,1,4,2,0,6,1,6,3,1,7,4,0,7,6,0,4,2,1,1,3,3,5,2,2,7,3,0,7,6,0,6,2,6,6,3,5,5,2,7,4
PSIMYogyakarta,10,12,2,4,22,2,4,3,3,1,1,3,1,3,0,8,7,4,3,0,0,2,7,2,4,3,1,3,1,0,4,5,8,8,8,4,7,7,7,4,4,4,3,3,0,0,-2,0,1,0,1,2,1,5,3,1,1,6,4,2,0,2,0,0,0,2,2,0,0,4,4,2,1,4,6,4,0,1,1,1,1,0,0,1,0,1,0,1,0,1,0,0,0,0,0,0,0,1,0,0,0,0,6,1,2,6,1,6,1,1,3,2,1,2,7,7,2,1,0,6,0,0,1,0,0,1,2,3,2,0,8,8,16,3,4,2,1,4,5,0,2,1,2,1,1,0,0,0,6,8,6,0,8,6,2,1,2,6,4,3,1,5,2,1,2,7,0,1,7,1,1,8,0,0,8,1,0,9,0,3,6,5,4,1,4,4,2,4,3,5,7,1,6,7,2,8,8,1,9,8,0,9,9,0,0,8,1,0,9,0,0,9,0,7,8,1,8,9,1,9,9,0,3,6,0,1,6,2,5,6,2,7,6,1,8,8,1,5,7,6,7,8,3,5,6,7,3
PSMMakassar,11,10,4,3,21,3,2,3,6,0,2,3,2,0,0,8,6,3,1,1,1,5,3,2,5,0,1,1,0,0,5,7,7,7,7,5,5,5,5,2,2,2,0,0,0,1,1,3,0,0,2,0,0,7,3,1,0,7,1,1,1,4,0,0,0,3,0,0,0,6,7,3,0,6,6,0,1,0,1,0,0,0,1,3,0,0,0,0,2,0,0,0,0,0,0,0,1,0,0,0,0,0,7,4,3,1,0,1,7,0,7,0,0,7,1,8,0,4,0,1,3,0,0,0,0,0,7,7,0,0,7,7,14,2,2,4,3,2,6,1,1,2,1,2,0,0,0,0,5,5,3,1,6,4,1,2,2,4,5,2,0,4,1,1,0,5,3,0,8,0,0,8,0,0,8,0,0,8,0,6,2,5,3,2,4,2,3,4,1,6,5,2,8,8,0,8,8,0,8,8,0,8,8,0,0,4,4,0,8,0,0,8,0,5,4,3,8,8,0,8,8,0,1,6,1,0,7,1,6,6,1,7,7,1,8,8,0,6,5,5,5,4,7,6,6,4,2
Paradou,12,6,4,3,18,5,1,1,4,0,2,1,2,2,0,7,5,4,2,0,0,4,3,2,3,2,3,0,0,0,3,5,7,7,7,3,5,5,5,4,4,4,2,2,0,0,6,3,2,0,1,0,0,7,4,1,0,4,2,0,0,4,0,0,0,2,1,0,0,6,7,4,0,4,4,2,0,0,0,0,0,0,2,0,1,0,0,1,1,1,0,0,0,1,0,0,0,0,0,0,0,0,7,4,2,1,0,1,5,1,6,1,0,5,2,6,1,4,0,1,1,0,1,0,0,0,6,6,1,0,8,3,11,3,1,3,2,3,4,1,1,2,0,1,0,0,0,1,3,5,4,0,5,4,2,2,1,4,5,2,1,2,1,0,2,2,3,0,5,2,0,7,0,0,7,0,0,7,0,7,0,3,4,2,3,2,2,2,3,6,2,1,7,5,0,7,7,0,7,7,0,7,7,0,0,3,4,0,7,0,0,7,0,5,3,1,6,7,1,7,7,0,2,4,1,1,5,1,6,4,1,7,5,0,7,6,0,6,2,6,5,3,6,6,4,4,4
Parma,9,7,3,3,16,3,3,4,4,3,1,3,3,0,0,7,6,3,0,0,0,4,6,4,6,0,2,1,0,0,4,7,7,7,7,6,6,6,6,3,3,3,0,0,0,0,2,1,2,0,3,0,0,6,3,0,0,5,2,0,0,3,0,0,0,3,0,0,0,6,6,3,0,5,5,2,0,3,1,0,0,0,0,1,2,0,0,2,1,0,0,0,0,0,0,0,0,0,0,0,0,0,6,2,2,6,1,5,4,1,5,1,0,4,6,9,1,2,0,5,2,1,0,0,0,0,5,5,1,0,6,4,10,3,1,6,2,2,8,1,1,5,0,1,1,1,0,0,4,5,4,0,5,4,1,5,1,4,4,2,0,3,1,0,2,7,1,0,8,2,0,10,0,0,10,0,0,10,0,4,6,3,7,2,3,5,2,2,6,7,7,3,10,8,0,10,10,0,10,10,0,10,10,0,0,8,2,0,10,0,0,10,0,8,8,2,10,10,0,10,10,0,1,7,2,0,9,1,9,7,0,9,9,1,10,10,0,7,7,6,8,8,4,9,7,4,2
Pendikspor,14,12,9,3,26,3,3,5,6,2,1,4,2,0,1,9,8,4,2,2,1,4,7,3,6,1,1,2,0,0,5,7,7,8,9,6,6,7,8,2,3,4,1,2,2,0,2,1,1,1,2,1,0,7,4,2,1,8,3,1,0,6,2,1,0,3,0,0,0,5,6,3,1,7,8,3,0,2,1,1,0,0,0,2,1,0,0,1,1,0,0,0,0,0,0,1,0,0,1,0,0,0,12,4,1,6,2,4,3,3,7,4,1,4,7,7,4,2,1,4,1,2,0,0,0,0,6,7,4,0,5,9,14,2,5,4,2,6,5,1,0,4,3,0,0,0,0,1,4,6,2,1,7,3,3,4,4,3,3,1,1,6,2,1,2,8,1,1,9,1,0,10,1,0,11,0,0,11,0,5,6,5,6,4,2,5,2,5,4,8,8,2,10,9,1,11,10,0,11,11,0,11,11,0,2,7,2,1,9,1,0,10,1,10,7,1,11,9,0,11,10,0,1,9,1,0,10,1,6,9,4,10,10,0,10,11,1,8,8,6,10,7,5,6,9,7,2
Persebaya,5,6,1,2,11,1,2,5,4,1,3,4,0,0,0,7,4,0,0,0,0,3,5,4,4,0,1,2,0,0,7,7,7,7,7,4,4,4,4,0,0,0,0,0,0,0,-1,1,0,0,2,0,0,5,0,0,0,6,0,0,0,1,0,0,0,2,0,0,0,5,5,0,0,6,6,0,0,1,2,0,0,0,1,4,0,0,0,0,0,0,0,0,0,0,0,0,0,0,0,0,0,0,3,0,1,7,1,6,1,1,2,1,0,1,7,7,1,0,0,6,1,1,0,0,0,0,2,2,1,0,4,4,8,1,1,6,3,2,6,1,0,3,1,3,0,0,0,0,5,5,3,0,5,3,0,3,2,3,4,0,0,4,0,0,0,7,1,0,8,0,0,8,0,0,8,0,0,8,0,1,7,2,6,1,4,3,2,4,2,6,7,2,8,8,0,8,8,0,8,8,0,8,8,0,0,8,0,0,8,0,0,8,0,7,8,1,8,8,0,8,8,0,0,7,1,0,8,0,7,7,1,8,8,0,8,8,0,6,7,3,7,8,1,7,7,2,0
PersibBandung,10,14,4,3,24,3,4,2,6,0,1,3,4,0,1,9,8,5,1,1,0,6,3,1,7,1,1,2,0,0,4,8,8,9,9,7,7,8,8,4,5,5,1,1,1,0,-4,2,1,0,2,0,2,7,3,0,0,8,3,2,1,3,1,0,0,2,1,0,0,7,7,3,0,6,7,2,1,0,1,0,1,0,0,2,1,0,1,1,2,0,0,0,0,0,0,0,0,0,0,0,0,0,7,3,2,4,0,4,3,2,5,2,0,3,6,7,2,2,1,4,1,0,1,0,0,0,5,5,2,0,6,11,17,1,4,4,5,3,6,0,0,1,1,3,2,1,0,1,6,8,7,0,8,7,2,1,1,7,5,1,0,8,3,0,1,6,2,0,8,1,0,9,0,0,9,0,0,9,0,4,5,4,5,2,4,3,0,7,2,5,6,2,7,8,0,7,9,2,9,9,0,9,9,0,1,6,2,0,8,1,0,9,0,7,6,1,8,8,1,9,9,0,0,8,1,0,9,0,5,8,2,7,9,2,9,9,0,5,6,7,7,6,5,5,8,5,4
PersijaJakarta,10,13,3,5,23,4,5,0,4,0,3,1,2,3,0,9,6,5,3,0,0,5,4,3,3,3,3,2,0,0,4,6,9,9,9,3,6,6,6,5,5,5,3,3,0,0,-3,2,2,0,2,2,1,7,2,1,0,6,4,3,0,3,0,0,0,4,1,0,0,6,7,2,0,3,6,4,0,0,1,0,1,0,2,0,1,2,0,1,0,0,0,0,0,1,0,0,0,0,0,0,0,0,8,3,4,2,0,2,6,1,7,1,0,6,3,8,1,3,0,2,3,0,1,0,0,0,7,7,1,0,7,8,15,3,3,3,3,3,6,1,1,2,0,1,2,1,0,1,5,7,6,0,7,6,2,2,1,6,5,2,0,5,3,0,2,5,2,0,7,2,0,9,0,0,9,0,0,9,0,5,4,5,4,2,5,2,2,4,3,4,5,2,6,7,2,8,9,1,9,9,0,9,9,0,0,6,3,0,9,0,0,9,0,5,6,3,8,9,1,9,9,0,1,6,2,0,8,1,6,6,1,7,8,2,9,9,0,4,5,9,5,6,7,6,6,6,5
PersijapJepara,18,7,8,2,25,6,1,1,5,0,0,3,2,2,1,8,8,5,3,1,0,3,5,0,5,3,2,0,1,0,3,5,7,8,8,5,7,8,8,4,5,5,3,3,1,0,11,2,3,0,1,0,0,8,6,3,1,5,2,0,0,6,2,0,0,2,0,0,0,5,7,5,1,5,5,2,0,0,0,0,0,0,0,1,1,0,0,2,1,0,0,0,0,1,1,0,0,1,0,0,0,0,10,4,0,4,2,2,2,4,6,4,0,2,6,4,4,2,2,2,0,2,0,0,0,0,6,6,4,0,10,5,15,5,2,1,3,5,3,2,2,0,1,1,0,1,0,1,6,8,5,0,8,5,2,0,3,5,7,3,0,4,1,0,4,2,2,1,4,3,1,7,0,0,7,1,0,8,0,7,1,2,6,2,3,3,1,3,4,7,2,1,8,4,0,8,7,0,8,7,0,8,8,0,2,4,2,0,6,2,0,8,0,8,4,0,8,6,0,8,8,0,2,3,3,0,6,2,6,3,2,8,6,0,8,8,0,7,2,7,8,4,4,6,3,7,4
PersikKediri,18,9,3,2,27,7,2,1,6,0,1,3,4,2,0,10,9,6,2,0,0,5,5,1,7,2,3,1,0,0,4,8,10,10,10,7,9,9,9,6,6,6,2,2,0,0,9,3,3,1,1,1,0,9,6,3,0,7,2,0,0,2,1,0,0,2,0,0,0,6,9,6,0,7,7,2,0,0,0,1,0,0,1,1,1,0,0,1,2,0,0,0,1,2,0,0,0,0,0,0,0,0,5,2,2,6,0,6,3,1,4,1,0,3,7,9,1,1,1,6,2,0,0,0,0,0,4,4,1,0,15,7,22,5,2,3,5,6,4,0,1,1,1,2,0,2,0,1,4,9,8,0,9,8,5,1,1,8,8,5,2,6,1,0,4,3,3,1,6,3,0,9,1,0,10,0,0,10,0,7,3,3,7,2,7,1,1,5,4,8,3,1,9,6,1,10,9,0,10,10,0,10,10,0,1,8,1,0,9,1,0,10,0,8,8,2,10,9,0,10,10,0,3,5,2,2,7,1,8,5,2,10,7,0,10,8,0,8,3,9,8,8,4,8,5,7,2
PersisSolo,19,10,10,5,29,6,2,2,6,1,1,2,3,1,1,9,8,6,3,2,1,5,5,2,5,2,3,0,0,0,3,6,7,8,9,5,6,7,8,4,5,6,2,3,2,0,9,3,2,0,2,0,0,9,7,1,1,6,3,1,0,7,2,1,0,5,0,0,0,8,8,6,1,5,6,3,0,1,0,0,0,0,1,0,1,0,0,2,2,1,1,0,0,0,0,0,0,0,0,0,0,0,15,4,1,5,4,2,3,4,8,5,1,3,7,5,4,2,1,2,1,3,0,0,0,0,7,7,4,1,9,5,14,5,2,3,3,6,4,4,1,1,1,2,0,0,0,1,8,9,4,0,9,4,1,1,5,4,8,1,0,4,1,0,3,4,3,1,7,2,1,9,0,0,9,1,0,10,0,6,4,3,7,2,2,6,2,2,6,8,4,2,10,7,0,10,9,0,10,9,0,10,10,0,2,6,2,0,8,2,0,10,0,9,6,1,10,8,0,10,10,0,1,5,4,0,9,1,8,5,2,10,9,0,10,10,0,8,4,8,9,6,5,8,5,7,5
Persita,11,9,4,4,20,3,3,3,5,1,2,2,2,2,0,8,6,4,2,0,0,4,5,3,4,2,1,1,1,0,4,6,8,8,8,4,6,6,6,4,4,4,2,2,0,0,2,2,0,0,2,1,0,7,2,1,1,6,2,1,0,4,0,0,0,2,1,1,0,6,6,1,1,5,6,2,0,1,1,0,0,0,1,2,1,1,0,0,1,0,0,0,0,0,0,0,0,1,0,0,0,0,8,4,2,3,0,3,5,0,6,1,1,6,3,8,1,4,0,3,1,0,0,0,0,0,5,6,1,0,7,5,12,3,3,3,1,4,5,1,1,2,2,1,1,0,0,0,6,7,4,0,7,4,1,2,3,4,4,2,1,4,1,0,1,6,2,1,8,0,1,8,0,0,8,1,0,9,0,6,3,5,4,3,4,2,2,4,3,6,6,2,8,8,1,9,8,0,9,8,0,9,9,0,0,5,4,0,9,0,0,9,0,7,5,1,8,9,0,8,9,1,2,6,1,1,7,1,6,6,2,8,7,1,9,8,0,6,6,6,7,5,6,6,6,6,4
Pisa,20,14,11,7,34,3,0,7,8,0,1,2,0,6,1,10,9,7,7,1,0,2,8,1,2,7,1,0,1,0,3,3,9,10,10,2,8,9,9,6,7,7,7,7,1,0,6,2,0,0,0,0,0,10,7,2,1,8,6,0,0,7,3,1,0,6,1,0,0,8,9,6,1,8,8,6,0,0,0,0,0,0,1,2,0,0,0,0,0,5,0,0,0,0,1,0,0,1,0,0,0,0,18,4,2,4,4,1,4,2,9,5,3,6,4,5,4,2,0,1,2,2,0,1,1,0,6,8,4,1,9,7,16,4,2,4,4,6,4,3,0,2,1,1,0,1,1,1,5,7,3,1,8,4,3,2,4,4,7,2,0,5,2,0,1,7,2,1,9,0,1,9,0,0,9,1,0,10,0,7,3,4,6,4,4,2,3,2,5,10,7,0,10,9,0,10,9,0,10,9,0,10,10,0,1,6,3,1,9,0,0,9,1,8,6,2,10,9,0,10,9,0,0,6,4,0,10,0,8,6,2,10,10,0,10,10,0,10,7,3,8,6,6,8,6,6,5
RakhineUnited,22,9,10,2,31,5,1,0,3,0,0,0,2,0,3,6,6,6,4,4,1,5,1,0,2,3,1,1,1,0,0,2,2,5,5,2,2,5,5,2,5,5,3,3,3,1,13,1,0,2,0,0,1,5,5,5,3,4,3,2,0,5,3,2,0,2,0,0,0,0,2,2,3,2,4,3,0,0,0,0,1,0,0,0,0,0,0,0,0,0,0,0,1,0,1,0,0,0,1,0,0,0,12,5,0,1,2,1,2,1,5,3,2,2,4,3,1,2,1,1,0,0,0,0,0,0,3,3,1,2,12,7,19,4,2,0,2,3,3,0,1,0,1,0,0,1,0,0,2,4,3,2,6,5,4,0,1,5,4,4,2,4,2,1,4,1,1,4,2,0,2,2,2,1,4,1,0,5,1,5,1,2,4,1,3,2,0,3,3,5,1,0,5,2,0,5,2,1,6,4,0,6,5,0,3,1,2,0,3,3,0,6,0,6,1,0,6,3,0,6,6,0,3,2,1,1,3,2,4,2,1,5,3,0,5,5,1,5,1,6,6,1,5,4,2,6,2
Rouisset,11,6,6,1,17,4,1,3,5,0,1,5,2,0,0,8,7,2,0,0,0,3,5,1,7,0,3,0,0,0,6,8,8,8,8,7,7,7,7,2,2,2,0,0,0,0,5,2,2,0,1,0,0,8,3,0,0,5,1,0,0,6,0,0,0,1,0,0,0,8,8,3,0,5,5,1,0,0,0,0,0,0,1,3,1,0,0,2,1,0,0,0,0,0,0,0,0,0,0,0,0,0,7,5,0,3,1,2,5,1,6,1,0,5,3,7,1,5,0,2,0,1,0,0,0,0,6,6,1,0,5,5,10,2,2,4,3,4,4,2,0,2,1,2,0,0,0,1,5,6,3,0,6,3,1,2,3,3,5,0,0,4,1,0,2,4,2,0,6,2,0,8,0,0,8,0,0,8,0,5,3,2,6,3,2,3,1,4,3,7,4,1,8,6,0,8,8,0,8,8,0,8,8,0,0,3,5,0,8,0,0,8,0,8,3,0,8,8,0,8,8,0,0,6,2,0,8,0,6,6,2,8,8,0,8,8,0,7,4,5,8,3,5,6,6,4,1
SCAshdod,15,9,9,2,24,3,2,4,5,2,1,0,3,2,0,7,6,6,3,1,1,4,5,3,3,2,2,0,0,0,1,4,6,6,7,3,5,5,6,5,5,6,2,3,1,0,6,1,0,1,2,0,0,7,4,2,1,5,4,0,0,5,3,1,0,2,0,0,0,5,6,3,1,5,5,4,0,2,0,0,0,0,1,0,2,0,0,0,0,2,0,0,1,0,0,0,0,0,0,0,0,0,11,4,0,5,2,4,1,2,5,4,2,3,6,5,4,1,1,4,0,1,0,1,0,0,3,5,4,0,6,7,13,2,3,4,1,3,6,1,0,3,1,0,2,0,1,0,4,5,3,1,6,4,2,3,2,4,3,2,1,4,3,0,2,6,1,2,7,0,1,7,1,0,8,1,0,9,0,5,4,3,6,4,3,2,1,3,5,7,6,2,9,7,0,9,7,0,9,8,0,9,9,0,2,5,2,1,7,1,0,8,1,9,5,0,9,7,0,9,8,0,1,7,1,1,8,0,6,7,1,7,8,2,9,8,0,7,6,5,9,5,4,6,7,5,4
Sakaryaspor,23,18,7,8,41,6,2,3,8,0,1,3,1,1,3,11,10,7,6,5,2,5,6,1,4,4,2,0,0,1,4,5,6,9,11,4,5,8,10,2,5,7,4,6,5,0,5,2,2,2,1,0,0,10,6,5,2,9,4,2,1,6,1,0,0,7,1,0,0,5,8,4,2,7,8,3,1,0,0,0,0,0,1,2,1,0,0,1,0,0,0,0,0,1,1,1,0,0,2,0,0,0,15,2,2,7,5,3,2,5,8,6,1,3,8,5,6,1,0,3,1,4,1,1,0,0,7,8,6,0,16,10,26,6,2,3,4,6,5,3,1,0,0,2,0,0,1,1,6,9,6,2,11,8,5,0,3,8,10,4,2,5,3,1,4,5,2,2,7,2,0,9,2,0,11,0,0,11,0,7,4,3,8,1,8,2,4,4,3,9,5,1,10,7,0,10,9,0,10,11,0,10,11,0,0,9,2,0,11,0,0,11,0,9,9,1,10,11,1,11,11,0,3,5,3,2,8,1,9,5,1,10,8,0,10,9,0,9,5,8,9,9,4,9,5,8,4
Sakhnin,12,11,7,6,23,4,4,2,5,1,2,2,3,2,0,9,7,5,2,0,0,5,5,3,5,2,2,2,0,0,4,7,9,9,9,5,7,7,7,5,5,5,2,2,0,0,1,2,2,0,3,1,0,7,4,1,0,7,4,0,0,4,2,1,0,5,1,0,0,6,7,4,0,7,7,4,0,1,1,1,0,0,1,0,2,0,0,1,1,1,0,0,0,1,0,0,0,0,0,0,0,0,13,2,2,6,4,5,1,1,5,4,3,3,7,6,3,0,0,5,1,1,0,1,0,1,2,4,3,1,5,5,10,3,3,4,1,4,6,2,1,3,2,1,1,0,0,0,7,7,3,0,7,3,0,3,4,3,4,1,0,4,1,0,2,6,2,0,8,2,0,10,0,0,10,0,0,10,0,5,5,5,5,3,3,4,3,2,5,6,6,3,9,8,1,10,10,0,10,10,0,10,10,0,1,8,1,0,9,1,0,10,0,8,8,2,10,9,0,10,10,0,1,7,2,0,9,1,7,7,2,9,9,1,10,10,0,6,6,8,8,8,4,7,7,6,3
Saoura,9,5,4,2,14,3,1,3,4,0,2,3,2,0,0,7,5,2,0,0,0,4,3,2,5,0,3,0,0,0,5,7,7,7,7,5,5,5,5,2,2,2,0,0,0,0,4,2,0,1,1,0,0,7,1,1,0,4,1,0,0,4,0,0,0,2,0,0,0,6,7,1,0,4,4,1,0,0,0,0,0,0,2,3,1,0,0,0,0,0,0,0,1,0,0,0,0,0,0,0,0,0,6,2,0,5,2,3,2,2,4,2,0,2,5,5,2,2,0,3,0,2,0,0,0,0,4,4,2,0,5,3,8,3,2,2,1,4,3,2,1,1,2,1,0,0,0,0,6,6,2,0,6,2,0,1,4,2,4,1,0,3,0,0,1,4,2,1,6,0,0,6,1,0,7,0,0,7,0,4,3,2,5,3,4,0,1,2,4,6,4,1,7,6,0,7,6,0,7,7,0,7,7,0,0,5,2,0,7,0,0,7,0,7,5,0,7,7,0,7,7,0,1,4,2,0,6,1,5,4,2,7,6,0,7,7,0,6,4,4,7,5,2,5,4,5,2
Sariyer,16,14,7,6,30,6,4,1,5,0,1,2,7,1,0,11,10,8,1,0,0,8,3,1,9,1,4,2,0,0,3,10,11,11,11,9,10,10,10,8,8,8,1,1,0,0,2,3,1,2,1,1,2,9,5,2,0,7,4,3,0,6,1,0,0,5,1,0,0,7,9,5,0,4,7,4,0,0,0,0,2,0,1,1,1,1,0,1,2,0,0,0,2,0,0,0,0,0,0,0,0,0,13,3,2,6,3,3,3,5,8,5,0,3,8,6,5,2,1,3,1,3,1,0,0,0,8,8,5,0,9,8,17,6,4,1,1,7,4,4,2,0,2,1,1,0,0,0,10,11,5,0,11,5,1,0,6,5,7,2,0,5,2,1,3,5,3,2,8,1,0,9,2,0,11,0,0,11,0,7,4,5,6,3,4,4,3,3,5,7,5,1,8,8,1,9,9,2,11,11,0,11,11,0,1,8,2,0,10,1,0,11,0,9,8,1,10,10,1,11,11,0,2,5,4,0,9,2,7,5,2,9,9,1,10,11,1,7,5,10,9,8,5,7,5,10,7
Sassuolo,14,12,6,2,26,5,3,3,5,1,2,3,3,1,1,10,8,5,2,1,0,6,5,3,6,2,3,2,0,0,5,8,9,10,10,6,7,8,8,4,5,5,2,2,1,0,2,3,2,0,2,0,1,8,5,1,0,7,4,1,0,5,1,0,0,2,0,0,0,7,8,5,0,6,7,4,0,1,1,0,1,0,1,1,1,0,0,2,1,1,0,0,0,0,1,0,0,0,0,0,0,0,8,4,1,6,1,5,4,2,6,2,0,4,7,9,2,3,1,5,1,1,0,0,0,0,6,6,2,0,8,10,18,2,4,5,5,4,7,1,1,2,1,3,1,0,0,2,7,9,7,0,9,7,2,2,2,7,7,1,0,7,3,0,2,6,3,0,9,2,0,11,0,0,11,0,0,11,0,5,6,4,7,2,3,6,0,6,5,8,6,2,10,9,0,10,11,1,11,11,0,11,11,0,1,7,3,0,10,1,0,11,0,10,7,1,11,10,0,11,11,0,1,9,1,0,10,1,7,9,3,10,10,1,11,11,0,8,6,8,10,7,5,7,9,6,4
SemenPadang,15,4,7,1,19,7,1,0,3,0,3,2,2,0,0,8,5,3,1,1,1,5,3,3,4,0,5,0,0,0,5,7,7,7,8,4,4,4,5,2,2,3,0,1,1,0,11,4,2,0,1,0,0,8,4,1,1,3,1,0,0,5,2,0,0,1,0,0,0,7,7,3,1,3,3,1,0,0,0,0,0,0,3,0,1,0,0,2,1,0,0,0,0,0,0,0,0,0,0,0,0,0,8,4,0,4,1,3,2,3,5,3,0,2,6,5,3,2,2,3,0,1,0,0,0,0,5,5,3,0,8,3,11,6,2,0,1,7,1,5,0,0,2,0,0,0,0,0,7,7,0,1,8,1,1,0,7,1,6,1,1,3,0,0,3,1,4,1,5,2,1,7,0,0,7,1,0,8,0,7,1,2,6,2,4,2,0,2,6,7,1,1,8,5,0,8,7,0,8,7,0,8,8,0,2,4,2,0,6,2,0,8,0,8,4,0,8,6,0,8,8,0,1,2,5,0,7,1,6,2,2,8,7,0,8,8,0,7,1,8,8,4,4,6,2,8,2
SerikSpor,19,8,8,2,27,3,3,4,4,2,1,2,1,1,3,8,7,5,4,3,0,5,5,3,3,4,0,1,3,0,3,4,5,8,8,3,4,7,7,2,5,5,4,4,3,0,11,0,0,0,3,0,0,7,4,3,3,5,2,1,0,4,2,2,0,2,0,0,0,4,4,1,3,4,5,2,0,2,1,0,0,0,0,2,1,0,0,0,0,0,1,0,0,0,0,0,0,1,0,0,0,0,10,3,1,6,1,5,2,1,5,3,2,4,6,7,3,1,0,5,1,1,0,0,0,0,3,5,3,0,11,6,17,3,2,5,3,3,7,0,2,3,1,1,0,0,1,1,4,6,5,1,7,6,3,3,1,6,6,4,1,4,2,0,3,7,0,3,7,0,3,7,0,2,7,1,0,8,2,3,7,3,7,3,4,3,1,4,5,7,7,3,10,7,0,10,7,0,10,7,0,10,8,0,2,7,1,2,8,0,0,8,2,9,7,1,10,8,0,10,8,0,3,7,0,1,7,2,8,7,2,10,7,0,10,9,0,7,7,6,9,7,4,8,7,5,3
ShanUtd,3,19,2,9,22,0,5,0,2,0,0,0,1,2,1,5,5,5,4,2,1,2,3,0,1,3,0,1,0,2,0,1,3,4,5,1,3,4,5,3,4,5,3,4,2,0,-16,0,0,0,1,0,1,2,1,0,0,5,5,5,3,2,0,0,0,5,4,0,0,2,2,1,0,0,2,2,3,0,0,0,1,2,0,0,0,0,0,0,0,0,1,0,0,0,0,0,0,0,0,0,0,0,11,0,5,0,2,0,1,2,5,4,2,3,2,1,4,0,0,0,1,0,2,0,0,2,3,5,4,0,1,10,11,0,4,1,1,3,2,0,0,0,1,1,1,0,0,0,3,5,4,0,5,4,2,0,1,4,1,0,0,5,3,2,0,5,0,0,5,0,0,5,0,0,5,0,0,5,0,0,5,5,0,1,0,4,2,2,1,0,5,1,1,5,0,1,5,1,2,5,3,5,5,0,0,5,0,0,5,0,0,5,0,0,5,3,3,5,2,5,5,0,0,5,0,0,5,0,1,5,1,2,5,1,3,5,2,0,5,5,0,5,5,1,5,4,5
Sivasspor,15,8,3,3,23,6,1,4,6,3,1,2,4,0,0,8,7,5,1,1,1,5,6,4,6,0,2,0,0,0,3,7,7,7,8,6,6,6,7,4,4,5,0,1,1,0,7,4,2,0,1,0,0,8,5,1,1,6,2,0,0,3,0,0,0,3,0,0,0,7,7,4,1,6,6,2,0,3,0,0,0,0,1,1,1,0,0,1,3,0,0,0,0,0,0,0,0,0,0,1,0,0,6,2,2,7,1,6,4,1,5,1,0,4,7,10,1,2,0,6,2,1,0,0,0,0,5,5,1,0,12,5,17,6,1,4,3,5,6,1,2,4,1,0,0,2,0,0,4,6,4,1,7,5,3,4,2,5,6,5,1,4,1,0,2,5,4,0,9,2,0,11,0,0,11,0,0,11,0,7,4,3,8,2,6,3,2,3,6,10,5,1,11,9,0,11,11,0,11,11,0,11,11,0,0,9,2,0,11,0,0,11,0,9,9,2,11,11,0,11,11,0,2,5,4,0,9,2,10,5,1,11,9,0,11,11,0,10,5,7,9,9,4,10,5,7,2
Tampines,1,5,0,1,6,0,2,0,1,0,0,0,2,0,0,2,2,2,0,0,0,2,0,0,2,0,0,1,0,0,0,2,2,2,2,2,2,2,2,2,2,2,0,0,0,0,-4,0,0,0,1,0,1,1,0,0,0,2,2,1,0,0,0,0,0,1,0,0,0,1,1,0,0,1,2,2,0,0,0,0,1,0,0,0,1,0,0,0,0,0,0,0,0,0,0,0,0,0,0,0,0,0,1,0,1,1,0,1,1,0,1,0,0,1,1,2,0,0,0,1,1,0,0,0,0,0,1,1,0,0,1,4,5,0,2,0,1,1,1,0,0,0,0,0,1,0,0,1,1,2,2,0,2,2,1,0,0,2,1,0,0,2,2,0,0,2,0,0,2,0,0,2,0,0,2,0,0,2,0,0,2,2,0,0,1,1,0,2,0,0,2,1,1,2,0,1,2,1,2,2,0,2,2,0,0,2,0,0,2,0,0,2,0,1,2,1,2,2,0,2,2,0,0,2,0,0,2,0,0,2,1,1,2,1,2,2,0,0,2,2,1,2,1,0,2,2,1
TanjongPagar,7,4,2,1,11,3,0,0,3,0,0,0,2,0,1,3,3,3,1,1,0,3,0,0,2,1,0,0,0,0,0,2,2,3,3,2,2,3,3,2,3,3,1,1,1,0,3,3,0,0,0,0,0,3,3,1,0,3,1,0,0,2,0,0,0,1,0,0,0,2,3,3,0,3,3,1,0,0,0,0,0,0,0,0,0,0,0,0,2,0,0,0,0,0,1,0,0,0,0,0,0,0,3,2,1,0,0,0,3,0,3,0,0,3,0,3,0,2,0,0,1,0,0,0,0,0,3,3,0,0,5,3,8,1,0,2,2,0,3,0,1,0,0,1,0,0,1,0,2,2,2,1,3,3,1,0,0,3,3,2,0,2,1,0,0,0,3,0,3,0,0,3,0,0,3,0,0,3,0,3,0,1,2,0,2,1,1,2,0,3,0,0,3,3,0,3,3,0,3,3,0,3,3,0,0,1,2,0,3,0,0,3,0,2,1,1,3,3,0,3,3,0,1,2,0,0,2,1,3,2,0,3,2,0,3,3,0,3,0,3,2,1,3,3,2,1,2
ThitsarArman,8,5,2,3,13,2,0,2,2,1,0,1,0,0,1,3,3,2,2,2,1,1,3,1,1,1,1,0,0,0,1,1,1,2,3,1,1,2,3,0,1,2,1,2,2,0,3,1,1,0,0,0,0,3,3,2,0,2,2,1,0,2,0,0,0,1,1,1,0,1,3,3,0,1,2,2,0,1,0,0,0,0,0,0,0,0,0,1,0,0,0,0,0,0,1,1,0,0,0,0,0,0,5,1,1,2,1,2,1,0,2,1,1,1,3,3,0,1,0,2,0,0,0,0,0,0,1,1,0,1,6,2,8,2,0,2,1,0,4,0,2,1,0,0,0,0,1,0,2,2,2,1,3,3,1,1,0,3,3,3,0,1,1,0,1,2,1,0,3,1,0,4,0,0,4,0,0,4,0,3,1,1,3,0,3,1,1,1,2,4,2,0,4,3,0,4,4,0,4,4,0,4,4,0,0,3,1,0,4,0,0,4,0,3,3,0,3,4,1,4,4,0,2,2,0,0,2,2,4,2,0,4,2,0,4,4,0,4,2,2,3,3,2,4,2,2,0
Torino,14,10,8,2,24,4,3,3,3,2,2,1,3,0,1,8,6,5,2,2,1,6,4,4,4,1,1,3,1,0,3,6,6,7,8,4,4,5,6,3,4,5,1,2,2,0,4,2,1,0,2,0,1,5,5,2,1,6,2,2,0,5,3,0,0,2,0,0,0,3,4,4,1,4,6,2,0,2,2,0,1,0,0,0,0,0,0,1,2,0,0,0,0,0,0,1,0,0,0,0,0,0,10,5,1,4,1,4,3,2,6,3,1,4,6,7,3,2,2,4,1,0,0,1,0,0,5,6,3,0,6,8,14,2,5,3,2,6,4,1,0,2,3,1,1,0,0,1,6,8,4,0,8,4,2,2,4,4,4,1,1,6,2,0,2,6,2,1,8,1,1,9,0,1,9,0,0,9,1,5,5,5,5,2,1,7,0,6,4,7,6,2,9,8,0,9,9,1,10,9,0,10,9,0,2,5,3,0,8,2,0,10,0,9,5,1,10,8,0,10,10,0,1,8,1,1,9,0,5,8,4,9,9,1,10,9,0,7,6,7,9,5,6,5,8,7,5
USMAlger,7,10,3,5,17,1,3,4,5,1,2,2,1,2,0,7,5,3,2,0,0,3,5,3,3,2,1,1,0,0,4,5,7,7,7,3,5,5,5,3,3,3,2,2,0,0,-3,1,0,0,2,1,0,6,1,0,0,6,3,1,0,3,0,0,0,4,1,0,0,6,6,1,0,5,6,3,0,1,1,0,0,0,1,2,1,1,0,0,0,1,0,0,0,0,0,0,0,0,0,0,0,0,8,1,2,5,2,3,2,3,5,3,0,2,6,5,3,1,0,3,1,2,1,0,0,0,5,5,3,0,4,5,9,0,1,7,4,1,7,0,0,3,1,4,0,0,0,0,5,5,4,0,5,4,0,3,1,4,4,0,0,5,0,0,0,7,1,0,8,0,0,8,0,0,8,0,0,8,0,1,7,3,5,2,3,3,2,2,4,5,7,2,7,8,1,8,8,0,8,8,0,8,8,0,0,7,1,0,8,0,0,8,0,6,7,1,7,8,1,8,8,0,0,8,0,0,8,0,7,8,1,8,8,0,8,8,0,5,7,4,6,7,3,7,8,1,3
Udinese,17,11,10,5,28,5,4,1,6,0,2,3,2,2,0,10,8,5,3,1,1,4,6,2,5,2,2,2,0,0,5,7,9,9,10,5,7,7,8,4,4,5,2,3,1,0,6,1,3,0,3,1,0,8,4,3,1,8,3,0,0,7,2,1,0,4,1,0,0,5,7,3,1,8,8,3,0,0,1,1,0,0,1,1,2,0,0,1,0,0,0,0,0,2,0,0,0,0,0,0,0,0,15,5,3,2,2,1,5,2,9,4,2,7,3,6,4,3,1,1,2,1,0,0,0,1,7,9,4,0,7,6,13,3,3,4,3,5,5,1,1,3,2,1,0,1,0,1,5,7,4,0,7,4,2,3,3,4,5,2,0,5,1,0,4,5,1,1,6,3,1,9,0,0,9,1,0,10,0,6,4,5,5,5,2,3,3,4,3,6,5,3,9,6,1,10,9,0,10,9,0,10,10,0,2,5,3,1,8,1,0,9,1,7,5,3,10,8,0,10,9,0,1,7,2,0,9,1,7,7,3,10,9,0,10,10,0,6,5,9,7,5,8,7,7,6,3
Umraniyespor,17,5,7,2,22,7,2,1,3,0,4,2,2,2,0,10,6,4,2,0,0,6,4,4,4,2,4,2,1,0,6,8,10,10,10,4,6,6,6,4,4,4,2,2,0,0,12,3,2,1,2,0,0,8,5,3,1,5,0,0,0,5,2,0,0,2,0,0,0,5,7,4,1,5,5,0,0,0,2,0,0,0,2,1,0,0,0,1,1,0,0,0,1,1,0,0,0,1,0,0,0,0,9,4,1,5,1,4,3,3,6,3,0,3,7,7,3,2,2,4,1,1,0,0,0,0,6,6,3,0,10,3,13,6,2,2,1,5,5,3,3,1,2,1,0,0,0,0,9,9,4,0,9,4,0,1,5,4,7,3,0,3,0,0,4,3,3,2,6,2,1,8,1,0,9,1,0,10,0,8,2,3,7,2,4,4,2,3,5,8,3,2,10,6,0,10,8,0,10,9,0,10,10,0,2,6,2,0,8,2,0,10,0,9,6,1,10,8,0,10,10,0,3,4,3,0,7,3,8,4,2,10,7,0,10,10,0,8,3,9,9,6,5,8,4,8,4
VansporFK,12,13,5,5,25,3,3,4,6,3,0,2,2,1,1,7,7,5,3,2,1,3,7,3,4,2,1,0,0,0,2,4,5,6,7,4,5,6,7,3,4,5,2,3,2,0,-1,2,1,0,1,2,0,7,5,0,0,6,3,3,1,4,1,0,0,4,1,0,0,7,7,5,0,3,5,2,1,3,0,0,0,0,0,1,0,1,0,1,2,0,1,1,0,0,0,0,0,0,0,0,0,0,10,3,2,5,2,4,3,2,6,3,1,4,6,7,3,2,0,4,1,1,1,1,0,0,5,6,3,0,7,8,15,2,2,6,3,1,9,1,1,3,0,2,2,0,1,0,6,6,5,1,7,6,1,3,1,6,5,2,0,5,3,0,1,7,2,0,9,1,0,10,0,0,10,0,0,10,0,4,6,4,6,2,3,5,1,4,5,7,7,1,8,9,2,10,10,0,10,10,0,10,10,0,0,7,3,0,10,0,0,10,0,8,7,1,9,10,1,10,10,0,1,8,1,0,9,1,8,8,0,8,9,2,10,10,0,7,7,6,8,7,5,8,8,4,4
Verona,18,7,7,5,25,5,1,5,5,3,0,2,3,3,0,8,8,6,3,0,0,3,8,3,5,3,2,0,1,0,2,5,8,8,8,5,8,8,8,6,6,6,3,3,0,0,11,1,2,1,1,0,0,8,6,3,1,5,2,0,0,5,1,1,0,4,1,0,0,5,7,5,1,5,5,2,0,3,0,0,0,0,0,1,1,0,0,1,1,1,0,0,1,1,0,0,0,1,0,0,0,0,12,3,2,6,2,4,3,3,7,4,1,4,7,7,4,2,0,4,1,2,1,0,0,0,6,7,4,0,11,2,13,6,0,5,2,3,8,3,3,3,0,2,0,0,0,0,8,8,5,0,8,5,0,3,3,5,8,3,0,2,0,0,4,6,1,2,7,2,1,9,1,0,10,1,0,11,0,6,5,2,9,1,5,5,3,1,7,10,6,1,11,7,0,11,9,0,11,10,0,11,11,0,1,8,2,1,10,0,0,10,1,9,8,1,10,10,1,11,10,0,3,5,3,0,8,3,11,5,0,11,8,0,11,11,0,10,6,6,9,8,5,11,5,6,6
Yadanarbon,5,9,3,4,14,2,2,1,2,1,2,0,0,0,0,4,2,2,2,2,2,2,3,3,0,0,2,0,0,0,2,2,2,2,4,0,0,0,2,0,0,2,0,2,2,0,-4,2,0,0,0,1,0,4,1,0,0,2,2,2,2,3,0,0,0,2,2,0,0,4,4,1,0,0,0,0,2,1,0,0,0,0,2,0,0,0,0,0,0,0,0,1,0,0,0,0,0,0,0,0,0,0,7,2,2,1,1,1,2,1,4,2,1,3,2,3,2,2,0,1,0,0,1,0,0,1,3,4,2,0,2,5,7,0,2,3,2,1,4,0,0,3,0,0,0,0,0,1,0,1,1,1,2,2,2,3,0,2,2,0,0,2,2,1,0,3,2,0,5,0,0,5,0,0,5,0,0,5,0,2,3,2,3,2,1,2,0,1,4,3,3,0,3,5,1,4,5,0,4,5,1,5,5,0,0,3,2,0,5,0,0,5,0,3,3,1,4,5,1,5,5,0,0,5,0,0,5,0,3,5,1,4,5,1,5,5,0,3,3,4,3,3,4,3,5,2,1
YangonUtd,2,17,2,8,19,1,3,1,1,1,1,0,1,0,0,4,3,3,2,2,2,3,2,2,1,0,0,1,0,1,1,2,2,2,3,1,1,1,2,1,1,2,0,1,1,1,-15,1,0,0,1,0,0,1,1,0,0,4,2,2,2,1,1,0,0,3,2,1,1,1,1,1,0,2,2,0,2,1,1,0,0,0,0,0,0,0,0,0,1,0,0,0,0,0,0,0,0,0,0,0,0,0,10,1,3,1,0,1,1,2,4,3,1,2,3,2,2,0,1,1,1,0,1,0,0,0,3,3,2,1,0,9,9,0,3,2,0,1,4,0,0,2,1,0,0,0,0,0,1,1,0,2,3,2,2,2,1,2,0,0,0,3,2,2,0,4,1,0,5,0,0,5,0,0,5,0,0,5,0,1,4,4,1,1,0,4,2,2,1,2,4,1,3,5,0,3,5,0,3,5,0,3,5,0,1,4,0,0,4,1,0,5,0,2,4,1,3,4,1,4,5,0,0,5,0,0,5,0,2,5,1,3,5,0,3,5,0,2,4,4,2,4,4,2,5,3,1
YarmanyaUnited,16,4,7,4,20,3,0,2,3,1,0,1,0,0,1,4,4,3,3,3,2,2,3,1,1,1,0,0,1,0,1,1,1,2,3,1,1,2,3,0,1,2,1,2,2,1,12,0,0,2,0,0,0,4,3,3,3,3,1,0,0,3,3,1,0,3,1,0,0,1,1,0,3,3,3,1,0,1,0,0,0,0,0,1,0,0,0,0,0,0,0,0,0,0,0,0,0,0,1,0,0,0,11,3,1,1,2,1,1,1,4,3,2,3,2,2,2,0,1,1,1,0,0,1,0,0,2,3,2,1,9,0,9,4,0,1,0,1,4,1,2,1,0,0,0,0,0,0,3,3,2,1,4,3,1,1,1,3,4,3,1,0,0,0,3,2,0,3,2,0,1,2,2,1,4,0,1,4,0,4,1,1,4,1,2,2,3,0,2,5,2,0,5,2,0,5,2,0,5,4,0,5,4,0,1,2,2,0,4,1,0,5,0,4,2,1,5,4,0,5,5,0,3,1,1,1,2,2,5,1,0,5,2,0,5,4,0,5,2,3,4,2,4,5,1,4,1
YoungLions,17,3,8,3,20,3,0,0,3,0,0,0,0,0,0,3,3,3,3,3,3,0,3,0,0,0,0,0,0,0,0,0,0,0,2,0,0,0,2,0,0,2,0,2,2,1,14,0,0,0,0,0,0,3,3,3,3,3,0,0,0,3,2,1,1,3,0,0,0,0,0,0,3,3,3,0,0,0,0,0,0,0,0,0,0,0,0,0,0,0,0,0,0,0,0,0,0,0,0,0,0,0,11,2,0,1,3,0,0,1,3,3,2,1,2,0,2,0,0,0,0,1,0,1,0,0,1,2,2,1,9,0,9,3,0,0,0,1,2,0,1,0,0,0,0,0,0,0,1,2,2,1,3,3,2,0,0,3,3,3,2,0,0,0,3,0,0,3,0,0,3,0,0,1,0,2,1,2,0,3,0,0,3,1,2,0,3,0,0,3,0,0,3,0,0,3,0,0,3,0,0,3,2,0,1,1,1,1,2,0,1,2,0,3,1,0,3,2,0,3,2,0,3,0,0,2,0,1,3,0,0,3,0,0,3,1,0,3,0,3,3,1,2,3,0,3,1
