home,hgoal,agoal,hhgoal,ahgoal,FullSum,FullHWin,FullAWin,FullDC,FullBTS,FullExcGols0,FullExcGols1,FullExcGols2,FullExcGols3,FullExcGols4,FullExcGols5,FullOver0,FullOver1,FullOver2,FullOver3,FullOver4,FullOver5,FullOdd,FullEven,FullGolRang0-1,FullGolRang2-3,FullGolRang4-5,"FullMultiScor1,2,3:0","FullMultiScor0:1,2,3","FullMultiScor4,5,6:0","FullMultiScor0:4,5,6",FulltimeMultiGoals1-2,FulltimeMultiGoals1-3,FulltimeMultiGoals1-4,FulltimeMultiGoals1-5,FulltimeMultiGoals1-6,FulltimeMultiGoals2-3,FulltimeMultiGoals2-4,FulltimeMultiGoals2-5,FulltimeMultiGoals2-6,FulltimeMultiGoals3-4,FulltimeMultiGoals3-5,FulltimeMultiGoals3-6,FulltimeMultiGoals4-5,FulltimeMultiGoals4-6,FulltimeMultiGoals5-6,FulltimeMultiGoals7+,FulltimeGoalDiff,WinningMarginHomeBy1,WinningMarginHomeBy2,WinningMarginHomeBy3,WinningMarginAwayBy1,WinningMarginAwayBy2,WinningMarginAwayBy3,FulltimeHomeOverZ,FulltimeHomeOver1,FulltimeHomeOver2,FulltimeHomeOver3,FulltimeAwayOverZ,FulltimeAwayOver1,FulltimeAwayOver2,FulltimeAwayOver3,FirstHalfHomeOverZ,FirstHalfHomeOver1,FirstHalfHomeOver2,FirstHalfHomeOver3,FirstHalfAwayOverZ,FirstHalfAwayOver1,FirstHalfAwayOver2,FirstHalfAwayOver3,HomeMultiGoals1-2,HomeMultiGoals1-3,HomeMultiGoals2-3,HomeMultiGoals4+,AwayMultiGoals1-2,AwayMultiGoals1-3,AwayMultiGoals2-3,AwayMultiGoals4+,FulltimeCorrectScore0-0,FulltimeCorrectScore0-1,FulltimeCorrectScore0-2,FulltimeCorrectScore0-3,FulltimeCorrectScore0-4,FulltimeCorrectScore1-0,FulltimeCorrectScore1-1,FulltimeCorrectScore1-2,FulltimeCorrectScore1-3,FulltimeCorrectScore1-4,FulltimeCorrectScore2-0,FulltimeCorrectScore2-1,FulltimeCorrectScore2-2,FulltimeCorrectScore2-3,FulltimeCorrectScore2-4,FulltimeCorrectScore3-0,FulltimeCorrectScore3-1,FulltimeCorrectScore3-2,FulltimeCorrectScore3-3,FulltimeCorrectScore3-4,FulltimeCorrectScore4-0,FulltimeCorrectScore4-1,FulltimeCorrectScore4-2,FulltimeCorrectScore4-3,FulltimeCorrectScore4-4,FirstSum,FirstHWin,FirstAWin,FirstDraw,FirstBTS,FirstExcGols0,FirstExcGols1,FirstExcGols2,FirstOver0,FirstOver1,FirstOver2,FirstOdd,FirstEven,FirstGolRang0-1,FirstGolRang2-3,FirstHalfCorrectScore1-0,FirstHalfCorrectScore2-0,FirstHalfCorrectScore0-0,FirstHalfCorrectScore0-1,FirstHalfCorrectScore1-1,FirstHalfCorrectScore0-2,FirstHalfCorrectScore2-1,FirstHalfCorrectScore2-2,FirstHalfCorrectScore1-2,1stHalfMultigoals1-2,1stHalfMultigoals1-3,1stHalfMultigoals2-3,1stHalfMultigoals4+,SecHome,SecAway,Diff56_78,SecHWin,SecAWin,SecDraw,SecBTS,SecOdd,SecEven,SecondHalfCorrectScore1-0,SecondHalfCorrectScore2-0,SecondHalfCorrectScore0-0,SecondHalfCorrectScore0-1,SecondHalfCorrectScore1-1,SecondHalfCorrectScore0-2,SecondHalfCorrectScore2-1,SecondHalfCorrectScore2-2,SecondHalfCorrectScore1-2,2ndHalfMultigoals1-2,2ndHalfMultigoals1-3,2ndHalfMultigoals2-3,2ndHalfMultigoals4+,2ndHalfOverZ,2ndHalfOver1,2ndHalfOver2,2ndHalfExcatGoal0,2ndHalfExcatGoal1,2ndHalfExcatGoal2,2ndHalfHomeOverZ,2ndHalfHomeOver1,2ndHalfHomeOver2,2ndHalfAwayOverZ,2ndHalfAwayOver1,2ndHalfAwayOver2,FulltimeHandiHome0:1,FulltimeHandiAway0:1,FulltimeHandiDraw0:1,FulltimeHandiHome0:2,FulltimeHandiAway0:2,FulltimeHandiDraw0:2,FulltimeHandiHome0:3,FulltimeHandiAway0:3,FulltimeHandiDraw0:3,FulltimeHandiHome0:4,FulltimeHandiAway0:4,FulltimeHandiDraw0:4,FulltimeHandiHome0:5,FulltimeHandiAway0:5,FulltimeHandiDraw0:5,HomeWinEitherHalfYes,HomeWinEitherHalfNo,AwayWinEitherHalfYes,AwayWinEitherHalfNo,HomeHighestScoringHalve1st,HomeHighestScoringHalve2nd,HomeHighestScoringHalveEqual,AwayHighestScoringHalve1st,AwayHighestScoringHalve2nd,AwayHighestScoringHalveEqual,FulltimeHandiHome1:0,FulltimeHandiAway1:0,FulltimeHandiDraw1:0,FulltimeHandiHome2:0,FulltimeHandiAway2:0,FulltimeHandiDraw2:0,FulltimeHandiHome3:0,FulltimeHandiAway3:0,FulltimeHandiDraw3:0,FulltimeHandiHome4:0,FulltimeHandiAway4:0,FulltimeHandiDraw4:0,FulltimeHandiHome5:0,FulltimeHandiAway5:0,FulltimeHandiDraw5:0,FirstHalfHandiHome0:1,FirstHalfHandiAway0:1,FirstHalfHandiDraw0:1,FirstHalfHandiHome0:2,FirstHalfHandiAway0:2,FirstHalfHandiDraw0:2,FirstHalfHandiHome0:3,FirstHalfHandiAway0:3,FirstHalfHandiDraw0:3,FirstHalfHandiHome1:0,FirstHalfHandiAway1:0,FirstHalfHandiDraw1:0,FirstHalfHandiHome2:0,FirstHalfHandiAway2:0,FirstHalfHandiDraw2:0,FirstHalfHandiHome3:0,FirstHalfHandiAway3:0,FirstHalfHandiDraw3:0,SecHalfHandiHome0:1,SecHalfHandiAway0:1,SecHalfHandiDraw0:1,SecHalfHandiHome0:2,SecHalfHandiAway0:2,SecHalfHandiDraw0:2,SecHalfHandiHome1:0,SecHalfHandiAway1:0,SecHalfHandiDraw1:0,SecHalfHandiHome2:0,SecHalfHandiAway2:0,SecHalfHandiDraw2:0,SecHalfHandiHome3:0,SecHalfHandiAway3:0,SecHalfHandiDraw3:0,Full_HomeOrDraw,Full_AwayOrDraw,Full_HomeOrAway,1H_HomeOrDraw,1H_AwayOrDraw,1H_HomeOrAway,2H_HomeOrDraw,2H_AwayOrDraw,2H_HomeOrAway,Multigoal1st2ndfullDC
ACMilan,17,9,7,3,26,7,1,3,6,0,4,1,4,2,0,11,7,6,2,0,0,8,3,4,5,2,5,0,0,0,5,9,11,11,11,5,7,7,7,6,6,6,2,2,0,0,8,6,0,1,1,0,0,11,5,1,0,6,3,0,0,6,1,0,0,3,0,0,0,10,11,5,0,6,6,3,0,0,0,0,0,0,4,1,1,0,0,0,2,2,0,0,1,0,0,0,0,0,0,0,0,0,10,4,1,6,2,4,4,3,7,3,0,4,7,8,3,3,1,4,1,2,0,0,0,0,7,7,3,0,10,6,16,6,3,2,3,8,3,4,1,1,2,1,0,1,0,1,8,10,4,0,10,4,2,1,6,4,8,2,0,5,1,0,1,4,6,1,10,0,0,10,1,0,11,0,0,11,0,9,2,4,7,3,6,2,1,3,7,10,4,1,11,10,0,11,10,0,11,11,0,11,11,0,1,7,3,0,10,1,0,11,0,10,7,1,11,10,0,11,11,0,1,5,5,0,10,1,8,5,3,11,10,0,11,11,0,10,4,8,10,7,5,8,5,9,5
ASOChlef,6,6,3,3,12,2,3,2,3,1,2,2,2,0,0,6,4,2,0,0,0,4,3,3,4,0,2,1,0,0,4,6,6,6,6,4,4,4,4,2,2,2,0,0,0,0,0,1,1,0,3,0,0,5,1,0,0,4,2,0,0,3,0,0,0,3,0,0,0,5,5,1,0,4,4,2,0,1,1,0,0,0,1,1,2,0,0,1,0,0,0,0,0,0,0,0,0,0,0,0,0,0,6,3,3,1,0,1,6,0,6,0,0,6,1,7,0,3,0,1,3,0,0,0,0,0,6,6,0,0,3,3,6,1,1,5,2,2,5,1,0,3,1,2,0,0,0,0,4,4,2,0,4,2,0,3,2,2,3,0,0,3,0,0,1,5,1,0,6,1,0,7,0,0,7,0,0,7,0,3,4,4,3,2,2,3,1,1,5,4,5,3,7,6,0,7,7,0,7,7,0,7,7,0,0,4,3,0,7,0,0,7,0,4,4,3,7,7,0,7,7,0,0,6,1,0,7,0,6,6,1,7,7,0,7,7,0,4,5,5,4,4,6,6,6,2,2
ASRoma,13,5,5,2,18,7,3,0,2,0,5,3,1,1,0,10,5,2,1,0,0,6,4,5,4,1,5,3,0,0,8,9,10,10,10,4,5,5,5,2,2,2,1,1,0,0,8,3,4,0,3,0,0,7,5,1,0,5,0,0,0,3,1,1,0,2,0,0,0,6,7,5,0,5,5,0,0,0,3,0,0,0,2,0,0,0,0,3,1,0,0,0,0,1,0,0,0,0,0,0,0,0,7,3,2,5,0,5,4,0,5,1,1,5,5,9,1,2,0,5,2,0,0,0,0,0,4,5,1,0,8,3,11,6,2,2,1,7,3,4,1,2,2,0,0,1,0,0,7,8,2,0,8,2,1,2,6,2,6,2,0,3,0,0,4,3,3,0,6,4,0,10,0,0,10,0,0,10,0,7,3,4,6,1,4,5,2,3,5,7,3,3,10,6,0,10,10,0,10,10,0,10,10,0,1,7,2,1,9,0,0,9,1,8,7,2,10,9,0,10,9,0,1,4,5,0,9,1,8,4,2,10,9,0,10,10,0,7,3,10,8,7,5,8,4,8,1
AdanaDemirspor,10,53,3,23,63,0,10,1,6,0,0,0,3,0,1,11,11,11,8,8,7,7,4,0,3,1,0,3,0,2,0,3,3,4,8,3,3,4,8,3,4,8,1,5,5,3,-43,0,0,0,0,1,3,6,3,1,0,11,11,11,7,3,0,0,0,10,9,3,1,5,6,3,0,0,4,4,7,0,0,0,3,0,0,0,0,0,0,0,0,0,0,1,0,0,0,1,0,0,0,0,0,0,26,0,9,2,3,1,0,6,10,10,4,2,9,1,8,0,0,1,0,1,5,0,0,1,6,8,8,2,7,30,37,0,9,2,4,7,4,0,0,0,2,0,0,0,2,1,2,6,4,5,11,9,9,0,2,9,4,3,0,11,9,6,0,11,0,0,11,0,0,11,0,0,11,0,0,11,0,0,11,10,1,2,4,5,3,7,1,1,11,0,1,11,1,2,11,3,5,11,1,6,11,3,0,11,0,0,11,0,0,11,0,2,11,1,3,11,6,9,11,1,0,11,0,0,11,0,2,11,3,5,11,1,6,11,3,1,11,10,2,11,9,2,11,9,4
AlbirexNiigata,5,4,3,1,9,1,0,1,2,0,0,0,0,1,1,2,2,2,2,1,0,1,1,0,0,2,0,0,0,0,0,0,1,2,2,0,1,2,2,1,2,2,2,2,1,0,1,1,0,0,0,0,0,2,2,1,0,2,2,0,0,2,1,0,0,1,0,0,0,1,2,2,0,2,2,2,0,0,0,0,0,0,0,0,0,0,0,0,0,1,0,0,0,0,1,0,0,0,0,0,0,0,4,2,0,0,1,0,1,0,2,1,1,2,0,1,1,1,0,0,0,0,0,1,0,0,1,2,1,0,2,3,5,0,1,1,1,1,1,0,0,0,1,0,0,0,1,0,1,1,0,1,2,1,1,0,1,1,1,1,0,2,1,0,0,1,1,0,2,0,0,2,0,0,2,0,0,2,0,2,0,1,1,1,1,0,0,1,1,2,1,0,2,2,0,2,2,0,2,2,0,2,2,0,0,0,2,0,2,0,0,2,0,2,0,0,2,2,0,2,2,0,0,2,0,0,2,0,1,2,1,2,2,0,2,2,0,2,1,1,2,0,2,1,2,1,1
Amedspor,24,9,12,4,33,9,0,2,7,1,1,1,5,1,1,10,9,8,3,2,1,7,4,2,6,2,3,0,0,0,2,7,8,9,10,6,7,8,9,6,7,8,2,3,2,0,15,5,2,2,0,0,0,10,9,3,2,7,2,0,0,8,3,1,0,4,0,0,0,7,8,7,2,7,7,2,0,1,0,0,0,0,1,0,0,0,0,1,4,1,0,0,1,0,0,0,0,0,1,1,0,0,16,6,1,4,3,2,4,3,9,5,2,6,5,6,5,3,1,2,1,2,0,1,0,0,7,9,5,0,12,5,17,5,1,5,3,3,8,1,3,3,1,2,0,0,0,0,7,7,5,1,8,6,1,3,2,6,7,4,1,4,1,0,4,2,5,2,7,2,0,9,2,0,11,0,0,11,0,9,2,2,9,4,4,3,3,3,5,11,2,0,11,7,0,11,9,0,11,11,0,11,11,0,2,5,4,1,9,1,0,10,1,10,5,1,11,9,0,11,10,0,3,6,2,0,8,3,10,6,1,11,8,0,11,11,0,11,2,9,10,5,7,10,6,6,6
AremaFC,14,15,5,4,29,3,5,1,8,0,1,0,5,2,1,9,8,8,3,1,0,7,2,1,5,3,0,1,0,0,1,6,8,9,9,5,7,8,8,7,8,8,3,3,1,0,-1,2,0,1,4,1,0,8,4,1,1,9,5,1,0,5,0,0,0,4,0,0,0,7,7,3,1,8,9,5,0,0,1,0,0,0,0,0,3,1,0,0,2,1,0,0,0,0,0,0,0,0,1,0,0,0,9,3,2,4,2,2,5,2,7,2,0,5,4,7,2,3,0,2,2,2,0,0,0,0,7,7,2,0,9,11,20,3,4,2,5,4,5,1,0,0,1,2,2,1,0,1,6,8,6,1,9,7,3,0,2,7,6,2,1,8,3,0,1,6,2,1,8,0,0,8,1,0,9,0,0,9,0,5,4,5,4,2,4,3,1,6,2,4,6,4,8,8,1,9,8,0,9,9,0,9,9,0,0,6,3,0,9,0,0,9,0,7,6,2,9,9,0,9,9,0,1,6,2,0,8,1,5,6,2,7,8,2,9,9,0,4,6,8,7,6,5,5,6,7,6
Atalanta,14,9,7,4,23,5,2,4,5,1,2,5,2,0,1,10,8,3,1,1,0,5,6,3,7,1,3,2,0,0,7,9,9,10,10,7,7,8,8,2,3,3,1,1,1,0,5,2,2,1,1,0,1,8,4,1,1,7,1,1,0,7,0,0,0,4,0,0,0,7,7,3,1,6,7,1,0,1,1,0,1,0,1,3,0,0,0,2,1,0,0,0,0,0,0,0,0,0,1,0,0,0,11,5,2,4,2,2,7,2,9,2,0,7,4,9,2,5,0,2,2,2,0,0,0,0,9,9,2,0,7,5,12,4,2,5,2,4,7,3,0,4,1,1,1,0,0,0,6,6,2,1,7,3,1,4,4,3,5,1,1,4,1,0,3,6,2,1,8,2,0,10,1,0,11,0,0,11,0,6,5,3,8,3,2,6,3,4,4,9,6,1,10,8,0,10,10,1,11,11,0,11,11,0,0,6,5,0,11,0,0,11,0,9,6,2,11,11,0,11,11,0,1,7,3,0,10,1,9,7,1,10,10,1,11,11,0,9,6,7,9,6,7,9,7,6,2
Ayeyawady,3,3,3,0,6,1,1,1,2,0,1,1,1,0,0,3,2,1,0,0,0,2,1,1,2,0,1,0,0,0,2,3,3,3,3,2,2,2,2,1,1,1,0,0,0,0,0,1,0,0,1,0,0,3,0,0,0,2,1,0,0,3,0,0,0,0,0,0,0,3,3,0,0,2,2,1,0,0,0,0,0,0,1,1,1,0,0,0,0,0,0,0,0,0,0,0,0,0,0,0,0,0,3,3,0,0,0,0,3,0,3,0,0,3,0,3,0,3,0,0,0,0,0,0,0,0,3,3,0,0,0,3,3,0,2,1,0,1,2,0,0,1,1,0,1,0,0,0,2,2,1,0,2,1,0,1,1,1,0,0,0,2,1,0,0,2,1,0,3,0,0,3,0,0,3,0,0,3,0,3,0,2,1,3,0,0,0,2,1,2,2,1,3,3,0,3,3,0,3,3,0,3,3,0,0,0,3,0,3,0,0,3,0,3,0,0,3,3,0,3,3,0,0,3,0,0,3,0,1,3,1,2,3,1,3,3,0,2,2,2,3,0,3,1,3,2,1
BalestierKhalsa,4,9,2,3,13,1,2,0,2,0,0,0,1,0,2,3,3,3,2,2,0,3,0,0,1,2,0,0,0,1,0,1,1,3,3,1,1,3,3,1,3,3,2,2,2,0,-5,1,0,0,1,0,0,2,2,0,0,3,2,2,1,1,1,0,0,3,0,0,0,2,2,2,0,1,2,1,1,0,0,0,0,0,0,0,0,0,0,0,1,0,1,0,0,0,0,0,0,0,0,0,0,0,5,1,2,0,1,0,2,0,3,1,1,3,0,2,1,0,0,0,2,0,0,1,0,0,2,3,1,0,2,6,8,1,2,0,0,0,3,0,1,0,0,0,1,0,0,0,2,2,2,1,3,3,1,0,0,3,1,1,0,2,2,1,0,2,1,0,3,0,0,3,0,0,3,0,0,3,0,2,1,3,0,1,1,1,1,2,0,1,2,1,2,3,0,2,3,0,2,3,0,2,3,1,0,2,1,0,3,0,0,3,0,1,2,2,3,3,0,3,3,0,1,2,0,0,2,1,1,2,0,1,2,1,2,3,0,1,2,3,1,2,3,1,2,3,2
BaliUnited,4,5,1,2,9,2,2,4,2,3,3,1,0,1,0,5,2,1,1,0,0,3,5,6,1,1,2,1,0,0,4,4,5,5,5,1,2,2,2,1,1,1,1,1,0,0,-1,2,0,0,1,1,0,4,0,0,0,3,1,1,0,1,0,0,0,1,1,0,0,4,4,0,0,2,3,1,0,3,1,0,0,0,2,1,0,1,0,0,0,0,0,0,0,0,0,0,0,0,0,0,0,0,3,0,1,7,1,7,0,0,1,1,1,1,7,7,1,0,0,7,0,0,0,0,0,1,0,1,1,0,3,3,6,2,2,4,1,4,4,2,0,3,2,1,0,0,0,0,5,5,1,0,5,1,0,3,4,1,3,0,0,3,0,0,0,6,2,0,8,0,0,8,0,0,8,0,0,8,0,2,6,2,6,1,3,4,1,2,5,6,6,1,7,8,1,8,8,0,8,8,0,8,8,0,0,8,0,0,8,0,0,8,0,7,8,1,8,8,0,8,8,0,0,6,2,0,8,0,6,6,2,8,8,0,8,8,0,6,6,4,7,8,1,6,6,4,1
Bandirmaspor,17,10,6,6,27,6,2,3,5,1,2,4,1,1,2,10,8,4,3,2,0,5,6,3,5,3,3,1,1,0,6,7,8,10,10,5,6,8,8,2,4,4,3,3,2,0,7,3,1,1,0,1,1,9,4,2,2,6,2,1,1,5,1,0,0,5,1,0,0,7,7,2,2,5,5,1,1,1,0,1,0,0,2,2,0,0,1,1,1,0,0,0,0,0,0,0,0,1,1,0,0,0,12,3,3,5,2,3,4,4,8,4,0,4,7,7,4,2,1,3,2,2,1,0,0,0,8,8,4,0,11,4,15,7,2,2,2,7,4,5,1,2,1,0,0,0,0,1,7,8,2,1,9,3,2,2,6,3,8,2,1,3,1,0,3,5,3,2,8,1,1,9,1,0,10,1,0,11,0,7,4,3,8,1,5,5,3,1,7,9,5,0,9,8,1,10,9,1,11,10,0,11,11,0,1,8,2,0,10,1,0,11,0,8,8,2,10,10,1,11,11,0,2,4,5,0,9,2,9,4,2,11,9,0,11,11,0,9,5,8,8,8,6,9,4,9,3
BeitarJerusalem,16,8,6,3,24,6,1,3,5,2,3,1,2,0,0,8,5,4,2,2,2,6,4,5,3,0,2,1,0,0,4,6,6,6,7,3,3,3,4,2,2,3,0,1,1,1,8,4,1,1,1,0,0,7,4,2,2,6,2,0,0,5,1,0,0,3,0,0,0,5,5,2,2,6,6,2,0,2,1,0,0,0,2,1,0,0,0,0,2,0,0,0,0,0,0,0,0,0,0,1,0,0,9,4,2,4,1,3,5,2,7,2,0,5,5,8,2,3,1,3,2,1,0,0,0,0,7,7,2,0,10,5,15,4,2,4,2,5,5,2,0,4,2,0,0,0,0,0,4,4,0,2,6,2,2,4,4,2,4,2,2,4,1,0,2,4,4,1,8,1,0,9,1,0,10,0,0,10,0,7,3,4,6,3,3,4,2,3,5,9,4,1,10,8,0,10,9,0,10,10,0,10,10,0,1,6,3,0,9,1,0,10,0,8,6,2,10,9,0,10,10,0,1,6,3,1,9,0,8,6,2,10,9,0,10,9,0,9,4,7,8,6,6,8,6,6,2
BenAknoun,6,7,4,3,13,2,2,3,3,0,3,3,0,1,0,7,4,1,1,0,0,3,4,3,3,1,2,2,0,0,6,6,7,7,7,3,4,4,4,1,1,1,1,1,0,0,-1,2,0,0,1,1,0,5,1,0,0,5,2,0,0,4,0,0,0,3,0,0,0,5,5,1,0,5,5,2,0,0,1,1,0,0,2,2,0,0,0,0,0,1,0,0,0,0,0,0,0,0,0,0,0,0,7,1,0,6,3,3,1,3,4,3,0,1,6,4,3,1,0,3,0,3,0,0,0,0,4,4,3,0,2,4,6,1,2,4,1,2,5,1,0,3,1,1,1,0,0,0,4,4,2,0,4,2,0,3,2,2,2,0,0,3,1,0,0,5,2,0,7,0,0,7,0,0,7,0,0,7,0,2,5,2,5,3,1,3,2,2,3,5,5,1,6,7,1,7,7,0,7,7,0,7,7,0,0,6,1,0,7,0,0,7,0,7,6,0,7,7,0,7,7,0,0,6,1,0,7,0,5,6,1,6,7,1,7,7,0,5,5,4,7,6,1,5,6,3,1
Bodrumspor,26,5,14,4,31,7,1,2,4,1,0,3,1,3,2,9,9,6,5,2,0,3,7,1,4,5,2,0,3,0,3,4,7,9,9,4,7,9,9,4,6,6,5,5,2,0,21,0,4,0,1,0,0,9,7,5,3,4,1,0,0,8,3,1,1,4,0,0,0,4,6,4,3,4,4,1,0,1,0,0,0,0,0,1,1,0,0,2,0,0,0,0,0,2,0,0,0,1,0,0,0,0,18,4,0,6,4,2,1,6,8,7,1,2,8,3,6,1,2,2,0,4,0,0,0,0,7,7,6,1,12,1,13,6,1,3,0,3,7,1,4,3,1,0,0,0,0,0,6,7,5,0,7,5,1,3,2,5,6,5,1,1,0,0,7,3,0,3,3,4,3,7,0,2,7,1,0,8,2,7,3,1,9,3,4,3,3,0,7,9,3,1,10,3,0,10,7,0,10,7,0,10,8,0,3,6,1,1,7,2,1,9,0,10,6,0,10,7,0,10,9,0,5,4,1,1,5,4,9,4,1,10,5,0,10,9,0,9,3,8,10,6,4,9,4,7,5
Bologna,12,10,4,5,22,4,4,2,4,1,2,3,2,2,0,9,7,4,2,0,0,4,6,3,5,2,2,2,1,0,5,7,9,9,9,5,7,7,7,4,4,4,2,2,0,0,2,2,1,0,2,2,0,7,3,1,1,6,3,1,0,2,1,1,0,3,2,0,0,6,6,2,1,5,6,3,0,1,1,1,0,0,1,1,1,1,0,1,1,0,0,0,0,0,0,0,0,1,0,0,0,0,9,1,3,6,1,6,1,1,4,3,2,3,7,7,3,0,0,6,1,0,1,0,0,1,2,4,3,0,8,5,13,5,3,2,2,7,3,3,1,1,3,1,0,1,0,0,8,9,3,0,9,3,1,1,6,3,6,2,0,5,0,0,2,6,2,1,8,1,1,9,0,0,9,1,0,10,0,5,5,4,6,2,5,3,2,3,5,6,6,2,8,8,2,10,9,0,10,9,0,10,10,0,1,9,0,1,9,0,0,9,1,7,9,2,9,9,1,10,9,0,1,5,4,0,9,1,7,5,3,10,9,0,10,10,0,6,6,8,7,9,4,7,5,8,3
Boluspor,18,13,12,5,31,5,5,0,6,0,1,2,4,1,2,10,9,7,3,2,0,7,3,1,6,3,3,1,0,0,3,7,8,10,10,6,7,9,9,5,7,7,3,3,2,0,5,1,2,2,4,1,0,9,6,2,1,7,4,2,0,8,2,1,1,5,0,0,0,7,8,5,1,5,7,4,0,0,1,0,0,0,0,0,2,1,0,2,1,0,1,0,1,0,0,0,0,0,1,0,0,0,17,5,0,5,5,2,3,3,8,5,2,5,5,5,4,3,0,2,0,3,0,1,0,0,6,7,4,1,6,8,14,4,5,1,1,6,4,3,1,1,2,0,2,0,0,1,8,9,4,0,9,4,1,1,5,4,5,1,0,5,3,0,4,5,1,2,6,2,0,8,2,0,10,0,0,10,0,6,4,5,5,4,2,4,2,4,4,5,5,4,9,6,1,10,8,0,10,10,0,10,10,0,1,5,4,1,9,0,0,9,1,10,5,0,10,9,0,10,9,0,1,6,3,0,9,1,5,6,3,8,9,2,10,10,0,5,5,10,10,5,5,5,6,9,5
Borneo,17,4,4,1,21,8,1,0,3,0,4,1,1,3,0,9,5,4,3,0,0,5,4,4,2,3,4,1,1,0,5,6,9,9,9,2,5,5,5,4,4,4,3,3,0,0,13,4,3,0,1,0,0,8,5,3,1,4,0,0,0,3,1,0,0,1,0,0,0,5,7,4,1,4,4,0,0,0,1,0,0,0,3,0,0,0,0,1,1,0,0,0,0,2,0,0,0,1,0,0,0,0,5,3,1,5,0,5,3,1,4,1,0,3,6,8,1,2,1,5,1,0,0,0,0,0,4,4,1,0,13,3,16,7,1,1,2,6,3,3,2,0,1,1,0,1,0,0,7,9,5,0,9,5,2,0,4,5,8,4,1,3,0,0,4,1,4,1,5,3,1,8,0,0,8,1,0,9,0,8,1,2,7,1,7,1,1,3,5,8,1,1,9,5,0,9,8,0,9,8,0,9,9,0,1,6,2,0,8,1,0,9,0,8,6,1,9,8,0,9,9,0,3,2,4,1,6,2,8,2,1,9,6,0,9,8,0,8,1,9,8,6,4,8,2,8,4
CRBelouizdad,10,8,4,3,18,3,2,2,4,1,2,0,1,2,1,6,4,4,3,1,0,4,3,3,1,3,1,1,0,0,2,3,5,6,6,1,3,4,4,3,4,4,3,3,1,0,2,2,1,0,2,0,0,5,3,2,0,5,3,0,0,4,0,0,0,3,0,0,0,3,5,3,0,5,5,3,0,1,1,0,0,0,1,0,1,0,0,0,0,1,0,0,0,1,1,0,0,0,0,0,0,0,7,1,0,6,3,3,1,3,4,3,0,1,6,4,3,1,0,3,0,3,0,0,0,0,4,4,3,0,6,5,11,2,2,3,3,3,4,0,0,2,2,1,0,1,0,0,3,4,2,1,5,3,2,2,2,3,3,2,1,5,0,0,1,4,2,0,6,1,0,7,0,0,7,0,0,7,0,3,4,2,5,2,2,3,0,2,5,5,4,2,7,6,0,7,7,0,7,7,0,7,7,0,0,6,1,0,7,0,0,7,0,7,6,0,7,7,0,7,7,0,1,5,1,0,6,1,5,5,2,7,6,0,7,7,0,5,4,5,7,6,1,5,5,4,3
Cagliari,11,13,3,5,24,3,4,3,4,0,3,4,1,1,0,10,7,3,2,1,1,4,6,3,5,1,3,3,0,0,7,8,9,9,10,5,6,6,7,2,2,3,1,2,1,0,-2,2,1,0,2,2,0,7,3,1,0,7,5,1,0,2,1,0,0,4,1,0,0,6,7,3,0,6,7,5,0,0,1,2,0,0,2,1,1,0,0,1,0,1,0,0,0,0,0,1,0,0,0,0,0,0,8,1,3,6,1,5,4,0,5,1,1,4,6,9,0,1,0,5,3,0,0,0,1,0,4,4,0,1,8,8,16,4,4,2,4,8,2,3,0,0,3,2,0,1,0,1,8,10,4,0,10,4,2,0,6,4,7,1,0,7,1,0,1,7,2,0,9,1,0,10,0,0,10,0,0,10,0,4,6,5,5,1,5,4,1,3,6,6,7,2,8,9,2,10,10,0,10,10,0,10,10,0,0,9,1,0,10,0,0,10,0,7,9,3,10,10,0,10,10,0,0,6,4,0,10,0,6,6,4,10,10,0,10,10,0,6,7,7,7,9,4,6,6,8,1
Como,14,7,7,2,21,5,1,4,5,1,1,6,0,2,0,9,8,2,2,0,0,1,9,2,6,2,4,0,0,0,7,7,9,9,9,6,8,8,8,2,2,2,2,2,0,0,7,1,4,0,0,1,0,9,4,1,0,5,1,1,0,7,0,0,0,2,0,0,0,8,9,4,0,4,5,1,0,1,0,0,0,0,1,3,0,1,0,3,0,0,0,0,0,1,0,0,0,0,0,0,0,0,9,5,0,5,2,3,5,2,7,2,0,5,5,8,2,5,0,3,0,2,0,0,0,0,7,7,2,0,7,5,12,4,3,3,1,4,6,2,2,2,2,1,1,0,0,0,8,8,4,0,8,4,0,2,4,4,5,2,0,4,1,0,4,5,1,0,6,4,0,10,0,0,10,0,0,10,0,7,3,3,7,4,3,3,1,4,5,9,5,0,9,6,1,10,10,0,10,10,0,10,10,0,0,5,5,0,10,0,0,10,0,10,5,0,10,10,0,10,10,0,2,6,2,0,8,2,7,6,2,9,8,1,10,10,0,9,5,6,10,5,5,7,6,7,2
Constantine,11,4,3,2,15,5,0,2,3,0,2,3,1,1,0,7,5,2,1,0,0,3,4,2,4,1,4,0,0,0,5,6,7,7,7,4,5,5,5,2,2,2,1,1,0,0,7,3,2,0,0,0,0,7,4,0,0,3,1,0,0,3,0,0,0,2,0,0,0,7,7,4,0,3,3,1,0,0,0,0,0,0,2,1,0,0,0,2,1,1,0,0,0,0,0,0,0,0,0,0,0,0,5,2,1,4,1,3,3,1,4,1,0,3,4,6,1,2,0,3,1,1,0,0,0,0,4,4,1,0,8,2,10,5,0,2,2,4,3,3,1,1,0,1,0,1,0,0,5,6,3,0,6,3,1,1,3,3,6,2,0,2,0,0,2,2,3,0,5,2,0,7,0,0,7,0,0,7,0,6,1,1,6,1,4,2,1,1,5,7,2,0,7,5,0,7,7,0,7,7,0,7,7,0,0,5,2,0,7,0,0,7,0,6,5,1,7,7,0,7,7,0,1,2,4,0,6,1,7,2,0,7,6,0,7,7,0,7,2,5,6,5,3,7,2,5,2
Corum,19,5,10,2,24,7,0,3,5,2,0,4,1,2,1,8,8,4,3,1,0,2,8,2,5,3,3,0,0,0,4,5,7,8,8,5,7,8,8,3,4,4,3,3,1,0,14,1,5,1,0,0,0,8,7,3,1,5,0,0,0,7,2,1,0,2,0,0,0,5,7,6,1,5,5,0,0,2,0,0,0,0,0,1,0,0,0,3,1,0,0,0,0,2,0,0,0,0,1,0,0,0,12,5,0,5,2,3,3,3,7,4,1,4,6,6,4,3,1,3,0,2,0,0,0,0,6,7,4,0,9,3,12,4,1,5,2,4,6,2,1,3,1,2,0,0,0,0,6,7,4,0,7,4,1,3,3,4,6,2,1,3,0,0,6,3,1,1,4,5,0,9,1,0,10,0,0,10,0,7,3,1,9,2,3,5,2,3,5,10,3,0,10,4,0,10,9,0,10,10,0,10,10,0,2,5,3,1,8,1,0,9,1,10,5,0,10,8,0,10,9,0,2,6,2,1,8,1,9,6,1,10,8,0,10,9,0,10,3,7,10,5,5,9,6,5,4
Cremonese,11,13,5,4,24,2,3,5,6,2,0,4,1,2,1,8,8,4,3,1,0,2,8,2,5,3,1,1,0,0,4,5,7,8,8,5,7,8,8,3,4,4,3,3,1,0,-2,1,1,0,1,2,0,7,3,1,0,7,5,1,0,3,2,0,0,3,1,0,0,6,7,3,0,6,7,5,0,2,0,1,0,0,0,2,1,1,0,1,0,1,0,0,0,0,1,0,0,0,0,0,0,0,9,3,3,4,0,4,3,3,6,3,0,3,7,7,3,1,2,4,2,0,1,0,0,0,6,6,3,0,6,9,15,1,4,5,4,3,7,0,1,3,1,2,1,0,0,2,5,7,6,0,7,6,2,3,1,6,5,1,0,6,3,0,1,8,1,0,9,1,0,10,0,0,10,0,0,10,0,4,6,6,4,3,4,3,1,5,4,7,8,1,8,9,2,10,10,0,10,10,0,10,10,0,2,7,1,0,8,2,0,10,0,7,7,2,9,8,1,10,10,0,1,9,0,0,9,1,6,9,3,9,9,1,10,10,0,7,8,5,7,7,6,6,9,5,4
Dagon,9,7,4,5,16,2,1,2,3,0,1,1,1,1,0,5,4,3,2,1,1,2,3,1,2,1,1,1,0,0,2,3,4,4,5,2,3,3,4,2,2,3,1,2,1,0,2,1,1,0,1,0,0,4,4,1,0,4,2,1,0,2,2,0,0,4,1,0,0,3,4,4,0,3,4,2,0,0,1,0,0,0,0,0,0,0,0,1,1,1,0,0,0,0,0,1,0,0,0,0,0,0,9,1,2,2,2,1,2,0,4,2,2,3,2,3,1,0,0,1,2,0,0,1,1,0,2,3,1,1,5,2,7,2,1,2,1,1,4,0,2,1,1,1,0,0,0,0,4,4,3,0,4,3,0,1,1,3,3,2,0,2,0,0,1,3,1,0,4,1,0,5,0,0,5,0,0,5,0,3,2,3,2,2,2,1,3,0,2,4,3,1,5,4,0,5,5,0,5,5,0,5,5,0,0,4,1,0,5,0,0,5,0,3,4,2,5,5,0,5,5,0,2,3,0,0,3,2,4,3,1,5,3,0,5,5,0,4,3,3,3,4,3,4,3,3,2
DagonPort,5,20,1,13,25,1,3,1,2,0,0,0,2,1,0,5,5,5,3,2,2,3,2,0,2,1,0,1,0,1,0,2,3,3,4,2,3,3,4,3,3,4,1,2,1,1,-15,1,0,0,0,0,1,2,2,1,0,5,4,4,2,1,0,0,0,5,4,2,1,1,2,2,0,1,3,2,2,0,0,0,1,1,0,0,0,0,0,0,1,0,0,0,0,0,0,1,0,0,0,0,0,0,14,0,5,0,1,0,1,2,5,4,2,2,3,1,2,0,0,0,1,0,2,0,0,0,3,3,2,2,4,7,11,2,3,0,0,1,4,0,2,0,1,0,1,0,0,0,4,4,3,1,5,4,1,0,1,4,2,2,0,3,2,1,0,4,1,0,5,0,0,5,0,0,5,0,0,5,0,2,3,5,0,0,2,3,4,0,1,2,4,0,2,5,0,2,5,1,3,5,1,4,5,0,0,5,0,0,5,0,0,5,0,0,5,1,1,5,3,4,5,0,2,3,0,0,3,2,2,3,1,3,3,1,4,5,0,2,4,4,0,5,5,2,3,5,3
DewaUnited,15,13,9,4,28,4,4,1,6,0,2,2,0,4,0,9,7,5,5,1,1,2,7,2,2,4,1,2,0,0,4,4,8,8,9,2,6,6,7,4,4,5,4,5,1,0,2,1,2,0,1,3,0,7,3,3,1,8,3,2,0,4,3,2,0,4,0,0,0,4,6,2,1,6,8,3,0,0,1,1,0,0,1,1,0,2,0,0,0,0,0,0,0,2,0,0,0,0,0,0,0,0,13,4,3,2,1,2,4,1,7,3,2,5,4,6,2,1,1,2,3,0,0,0,0,0,5,6,2,1,6,9,15,1,4,4,4,3,6,0,1,2,1,2,1,0,0,2,5,7,6,0,7,6,2,2,1,6,5,1,0,6,3,0,3,5,1,1,6,2,1,8,0,0,8,1,0,9,0,4,5,5,4,4,3,2,2,6,1,5,5,1,6,6,3,9,8,0,9,8,0,9,9,0,3,5,1,1,6,2,0,8,1,6,5,3,9,6,0,9,8,0,1,8,0,0,8,1,5,8,3,8,8,1,9,9,0,5,5,8,6,5,7,5,8,5,4
ESSetif,9,9,1,3,18,2,1,4,6,0,1,3,1,2,0,7,6,3,2,0,0,2,5,1,4,2,1,0,0,0,4,5,7,7,7,4,6,6,6,3,3,3,2,2,0,0,0,2,0,0,0,1,0,7,2,0,0,6,2,1,0,1,0,0,0,2,1,0,0,7,7,2,0,5,6,2,0,0,0,0,0,0,1,3,0,1,0,0,1,1,0,0,0,0,0,0,0,0,0,0,0,0,4,1,2,4,0,4,2,1,3,1,0,2,5,6,1,1,0,4,1,0,1,0,0,0,3,3,1,0,8,6,14,2,1,4,5,2,5,1,1,0,0,4,0,0,0,1,6,7,6,0,7,6,1,0,1,6,7,1,0,5,1,0,0,5,2,0,7,0,0,7,0,0,7,0,0,7,0,3,4,3,4,0,6,1,2,4,1,6,5,0,6,7,1,7,7,0,7,7,0,7,7,0,0,6,1,0,7,0,0,7,0,5,6,1,6,7,1,7,7,0,1,5,1,0,6,1,6,5,1,7,6,0,7,7,0,6,5,3,5,6,3,6,5,3,3
ElBayadh,5,11,0,5,16,1,5,2,4,0,2,4,2,0,0,8,6,2,0,0,0,4,4,2,6,0,1,3,0,0,6,8,8,8,8,6,6,6,6,2,2,2,0,0,0,0,-6,1,0,0,3,2,0,5,0,0,0,7,4,0,0,0,0,0,0,5,0,0,0,5,5,0,0,7,7,4,0,0,1,2,0,0,1,2,2,0,0,0,0,0,0,0,0,0,0,0,0,0,0,0,0,0,5,0,5,3,0,3,5,0,5,0,0,5,3,8,0,0,0,3,5,0,0,0,0,0,5,5,0,0,5,6,11,2,3,3,3,5,3,2,0,0,3,3,0,0,0,0,8,8,3,0,8,3,0,0,5,3,5,0,0,6,0,0,0,7,1,0,8,0,0,8,0,0,8,0,0,8,0,2,6,6,2,0,5,3,1,2,5,3,7,3,6,8,2,8,8,0,8,8,0,8,8,0,0,8,0,0,8,0,0,8,0,3,8,5,8,8,0,8,8,0,0,6,2,0,8,0,5,6,3,8,8,0,8,8,0,3,7,6,3,8,5,5,6,5,2
Erokspor,29,11,10,6,40,6,1,4,8,1,0,2,1,2,5,10,10,8,7,5,0,6,5,1,3,7,0,0,2,0,2,3,5,10,10,3,5,10,10,3,8,8,7,7,5,0,18,1,1,2,1,0,0,10,8,5,4,8,2,1,0,7,2,1,0,5,1,0,0,5,6,4,4,7,8,2,0,1,0,0,0,0,0,2,0,0,0,0,1,1,1,0,0,1,0,0,0,0,2,0,0,0,16,3,2,6,4,3,2,4,8,6,2,4,7,5,6,1,1,3,1,3,0,0,0,1,6,8,6,0,19,5,24,7,1,3,4,6,5,1,2,2,0,1,0,2,0,1,4,8,7,1,9,8,5,2,1,8,9,6,2,4,1,0,5,5,1,4,6,1,2,7,2,2,9,0,0,9,2,8,3,3,8,2,5,4,5,3,3,10,5,1,11,6,0,11,7,0,11,9,0,11,9,0,2,8,1,1,9,1,0,10,1,9,8,2,11,9,0,11,10,0,4,4,3,2,7,2,10,4,1,11,7,0,11,9,0,10,5,7,9,8,5,10,4,8,6
Erzurumspor,20,9,6,1,29,5,0,6,6,0,1,7,0,2,0,11,10,3,3,1,1,1,10,1,7,2,4,0,1,0,8,8,10,10,11,7,9,9,10,2,2,3,2,3,1,0,11,1,3,0,0,0,0,11,6,2,1,6,2,1,0,4,1,1,0,1,0,0,0,9,10,5,1,5,6,2,0,0,0,0,0,0,1,4,0,0,0,3,0,1,0,0,0,0,0,1,0,1,0,0,0,0,7,3,0,8,1,7,2,1,4,2,1,3,8,9,2,2,0,7,0,1,0,0,0,0,3,4,2,0,14,8,22,5,2,4,4,4,7,1,3,0,1,4,0,0,0,0,9,11,9,0,11,9,2,0,2,9,9,4,1,6,1,1,4,6,1,1,7,3,1,10,0,0,10,1,0,11,0,7,4,2,9,2,8,1,0,5,6,11,6,0,11,7,0,11,10,0,11,10,0,11,11,0,1,8,2,1,10,0,0,10,1,11,8,0,11,10,0,11,10,0,4,6,1,1,7,3,9,6,1,10,7,0,10,10,1,11,6,5,11,8,3,9,6,7,3
FCBhayangkara,11,5,5,2,16,5,1,3,4,0,3,5,1,0,0,9,6,1,0,0,0,4,5,3,6,0,4,1,0,0,8,9,9,9,9,6,6,6,6,1,1,1,0,0,0,0,6,3,2,0,1,0,0,8,3,0,0,5,0,0,0,5,0,0,0,2,0,0,0,8,8,3,0,5,5,0,0,0,1,0,0,0,2,3,0,0,0,2,1,0,0,0,0,0,0,0,0,0,0,0,0,0,7,5,2,2,0,2,7,0,7,0,0,7,2,9,0,5,0,2,2,0,0,0,0,0,7,7,0,0,6,3,9,3,0,6,3,3,6,3,0,3,0,3,0,0,0,0,6,6,3,0,6,3,0,3,3,3,6,0,0,3,0,0,2,4,3,0,7,2,0,9,0,0,9,0,0,9,0,6,3,2,7,2,3,4,2,3,4,8,4,1,9,7,0,9,9,0,9,9,0,9,9,0,0,4,5,0,9,0,0,9,0,7,4,2,9,9,0,9,9,0,0,6,3,0,9,0,9,6,0,9,9,0,9,9,0,8,4,6,7,4,7,9,6,3,1
Fiorentina,14,15,5,8,29,2,5,3,8,0,2,2,3,2,0,10,8,6,3,1,1,5,5,2,5,2,1,1,0,0,4,7,9,9,10,5,7,7,8,5,5,6,2,3,1,0,-1,1,0,0,4,1,0,9,2,1,1,9,5,1,0,3,1,1,0,6,2,0,0,8,8,1,1,8,9,5,0,0,1,0,0,0,1,2,3,1,0,0,0,1,0,0,0,0,0,0,0,0,0,0,0,0,13,2,6,2,1,2,5,1,8,3,2,7,3,7,3,1,0,2,4,0,1,0,0,1,6,8,3,0,9,7,16,4,1,5,5,4,6,2,0,2,0,3,1,2,0,0,6,8,6,0,8,6,2,2,2,6,7,2,0,6,1,0,1,8,1,1,9,0,1,9,0,0,9,1,0,10,0,5,5,7,3,3,6,1,4,3,3,5,8,4,9,9,1,10,9,0,10,9,0,10,10,0,1,8,1,1,9,0,0,9,1,4,8,5,9,9,1,10,9,0,0,6,4,0,10,0,9,6,0,9,10,1,10,10,0,5,8,7,4,8,8,9,6,5,5
Genoa,9,13,4,8,22,2,5,4,4,2,2,2,4,1,0,9,7,5,1,0,0,6,5,4,6,1,1,4,0,0,4,8,9,9,9,6,7,7,7,5,5,5,1,1,0,0,-4,1,0,1,3,1,1,5,3,1,0,8,4,1,0,4,0,0,0,6,2,0,0,4,5,3,0,7,8,4,0,2,2,1,1,0,0,1,1,0,0,0,1,1,0,0,1,0,0,0,0,0,0,0,0,0,12,1,3,7,3,4,2,5,7,5,0,2,9,6,5,1,0,4,1,3,2,0,0,0,7,7,5,0,5,5,10,3,4,4,1,6,5,2,1,3,4,1,0,0,0,0,8,8,2,0,8,2,0,3,6,2,4,1,0,5,0,0,1,9,1,1,10,0,0,10,1,0,11,0,0,11,0,3,8,5,6,1,2,8,4,2,5,6,9,3,9,10,1,10,10,1,11,11,0,11,11,0,0,10,1,0,11,0,0,11,0,8,10,1,9,11,2,11,11,0,1,8,2,0,10,1,7,8,4,11,10,0,11,11,0,6,9,7,8,10,4,7,8,7,5
Geylang,2,6,1,2,8,1,2,0,1,0,0,1,2,0,0,3,3,2,0,0,0,2,1,0,3,0,0,2,0,0,1,3,3,3,3,3,3,3,3,2,2,2,0,0,0,0,-4,1,0,0,0,1,1,1,1,0,0,3,2,1,0,1,0,0,0,2,0,0,0,1,1,1,0,2,3,2,0,0,0,1,1,0,0,0,0,0,0,0,1,0,0,0,0,0,0,0,0,0,0,0,0,0,3,1,2,0,0,0,3,0,3,0,0,3,0,3,0,1,0,0,2,0,0,0,0,0,3,3,0,0,1,4,5,0,2,1,1,1,2,0,0,0,1,1,1,0,0,0,3,3,2,0,3,2,0,0,1,2,1,0,0,3,1,0,0,2,1,0,3,0,0,3,0,0,3,0,0,3,0,1,2,2,1,0,0,3,0,2,1,1,2,0,1,3,1,2,3,1,3,3,0,3,3,0,0,2,1,0,3,0,0,3,0,1,2,2,3,3,0,3,3,0,0,3,0,0,3,0,1,3,1,2,3,1,3,3,0,1,2,3,1,2,3,1,3,2,2
H.BeerSheva,22,5,12,3,27,7,0,2,4,1,2,1,1,2,1,8,6,5,4,2,1,5,4,3,2,3,3,0,0,0,3,4,6,7,7,2,4,5,5,3,4,4,3,3,1,1,17,3,2,1,0,0,0,8,6,3,2,4,1,0,0,7,2,2,1,3,0,0,0,5,6,4,2,4,4,1,0,1,0,0,0,0,2,0,0,0,0,1,1,1,0,0,0,1,0,0,0,0,1,0,0,0,15,5,0,4,3,2,3,2,7,4,2,3,6,5,2,3,0,2,0,2,0,0,0,0,5,5,2,2,10,2,12,4,0,5,1,4,5,2,0,4,0,0,0,0,1,0,2,4,2,1,5,3,3,4,2,3,5,3,2,1,1,0,4,2,3,2,5,2,1,7,1,1,8,0,1,8,0,7,2,0,9,4,2,3,3,1,5,9,2,0,9,5,0,9,7,0,9,8,0,9,8,0,2,4,3,1,7,1,1,8,0,9,4,0,9,7,0,9,8,0,2,5,2,2,7,0,9,5,0,9,7,0,9,7,0,9,2,7,9,4,5,9,5,4,2
HantharwadyUtd,12,11,6,7,23,2,2,1,2,1,0,0,0,2,0,4,4,4,4,2,2,1,4,1,0,2,0,0,1,1,0,0,2,2,3,0,2,2,3,2,2,3,2,3,1,1,1,1,0,0,0,1,0,3,2,2,2,3,3,3,2,3,2,1,0,3,3,1,0,1,1,0,2,0,1,1,2,1,0,0,0,1,0,0,0,1,0,0,0,0,0,0,0,0,0,0,0,0,0,0,0,0,13,2,2,1,2,1,0,2,4,4,2,1,4,1,2,0,1,1,0,0,1,0,0,0,2,2,2,2,6,4,10,1,1,3,1,0,5,0,0,2,0,0,1,0,1,0,1,1,1,2,3,3,2,2,0,3,2,2,1,2,2,0,1,3,1,1,4,0,1,4,0,1,4,0,1,4,0,2,3,2,3,2,1,2,1,0,4,3,3,0,3,4,1,4,4,0,4,4,1,5,4,0,1,3,1,0,4,1,0,5,0,3,3,0,3,4,2,5,5,0,1,4,0,1,4,0,4,4,0,4,4,1,5,4,0,3,3,4,3,3,4,4,4,2,1
HapoelHaifa,18,20,8,8,38,2,4,4,7,1,0,3,1,1,1,9,9,6,5,4,3,4,6,1,4,2,1,1,0,0,3,4,5,6,7,4,5,6,7,2,3,4,2,3,2,2,-2,1,1,0,3,1,0,8,7,3,0,8,6,4,2,6,2,0,0,6,2,0,0,5,8,7,0,4,6,4,2,1,0,1,0,0,0,1,0,0,0,1,1,1,1,0,0,0,0,1,2,0,0,0,0,0,16,3,2,5,5,3,1,3,7,6,3,4,6,4,6,1,0,3,0,2,1,2,0,1,4,7,6,0,10,12,22,2,3,5,5,2,8,0,1,3,0,1,1,0,1,1,3,4,4,3,7,7,4,3,0,7,6,3,1,6,5,1,1,8,1,0,9,1,0,10,0,0,10,0,0,10,0,5,5,5,5,3,3,4,2,3,5,6,8,3,9,9,1,10,10,0,10,10,0,10,10,0,0,7,3,0,10,0,0,10,0,8,7,1,9,10,1,10,10,0,1,8,1,0,9,1,7,8,1,8,9,2,10,10,0,6,8,6,8,7,5,7,8,5,2
HapoelJerusalem,7,15,5,6,22,1,6,2,5,2,1,1,3,1,0,7,6,5,2,1,1,4,5,3,4,1,1,1,0,0,2,5,6,6,7,4,5,5,6,4,4,5,1,2,1,0,-8,0,1,0,4,1,0,6,1,0,0,6,5,2,1,4,1,0,0,4,2,0,0,6,6,1,0,4,5,4,1,2,1,0,0,0,0,0,3,1,0,1,0,0,0,0,0,0,0,0,0,0,0,0,0,0,11,3,4,2,1,2,4,2,7,3,1,5,4,6,3,2,1,2,2,0,1,0,0,1,6,7,3,0,2,9,11,0,4,5,2,1,8,0,0,4,1,1,2,0,0,0,4,4,3,1,5,4,1,4,1,4,2,0,0,5,3,1,1,8,0,0,8,1,0,9,0,0,9,0,0,9,0,3,6,6,3,4,2,3,2,3,4,3,8,4,7,8,1,8,9,0,8,9,1,9,9,0,1,6,2,0,8,1,0,9,0,5,6,3,8,8,1,9,9,0,0,9,0,0,9,0,5,9,1,6,9,3,9,9,0,3,8,7,5,6,7,5,9,4,4
HapoelPetahTikva,15,15,8,3,30,3,3,4,6,2,0,2,0,4,2,8,8,6,6,2,0,2,8,2,2,6,0,1,0,1,2,2,6,8,8,2,6,8,8,4,6,6,6,6,2,0,0,0,1,2,0,2,0,6,4,3,2,8,4,2,1,4,3,1,0,3,0,0,0,3,4,2,2,6,7,3,1,2,0,1,0,1,0,1,0,1,0,0,0,1,0,0,0,1,0,0,0,0,2,0,0,0,11,4,2,4,1,4,3,1,6,3,2,5,5,7,3,1,1,4,2,0,0,1,0,0,4,6,3,0,7,12,19,2,4,4,4,3,7,1,0,2,1,2,1,0,0,0,5,6,4,2,8,6,3,2,2,6,5,1,1,7,3,2,3,7,0,2,7,1,0,8,2,0,10,0,0,10,0,5,5,5,5,3,3,4,1,6,3,7,7,0,7,7,2,9,8,0,9,10,1,10,10,0,2,6,2,1,8,1,0,9,1,8,6,2,10,8,0,10,9,0,1,8,1,0,9,1,6,8,1,7,9,2,9,10,1,7,7,6,8,6,6,6,8,6,4
HapoelTelAviv,20,5,7,2,25,9,0,0,4,0,2,2,2,2,1,9,7,5,3,1,0,5,4,2,4,3,4,0,1,0,4,6,8,9,9,4,6,7,7,4,5,5,3,3,1,0,15,5,3,0,0,0,0,9,7,3,1,4,1,0,0,5,2,0,0,2,0,0,0,6,8,6,1,4,4,1,0,0,0,0,0,0,2,0,0,0,0,2,2,0,0,0,0,1,1,0,0,1,0,0,0,0,9,4,0,5,2,4,2,2,5,3,1,3,6,6,3,2,1,4,0,1,0,1,0,0,4,5,3,0,13,3,16,8,0,1,3,6,3,4,2,0,0,1,0,2,0,0,7,9,5,0,9,5,2,0,4,5,9,4,0,3,0,0,4,0,5,1,5,3,1,8,0,0,8,1,0,9,0,9,0,0,9,1,5,3,1,2,6,9,0,0,9,5,0,9,8,0,9,8,0,9,9,0,1,5,3,0,8,1,0,9,0,9,5,0,9,8,0,9,9,0,2,1,6,0,7,2,9,1,0,9,7,0,9,9,0,9,0,9,9,5,4,9,1,8,4
Hatayspor,8,23,5,8,31,0,6,4,6,0,1,2,3,3,1,10,9,7,4,1,0,5,5,1,5,4,0,4,0,0,3,6,9,10,10,5,8,9,9,6,7,7,4,4,1,0,-15,0,0,0,1,1,4,6,2,0,0,10,7,5,1,4,1,0,0,6,2,0,0,6,6,2,0,5,9,6,1,0,1,0,3,0,0,2,0,1,1,0,0,2,0,0,0,0,0,0,0,0,0,0,0,0,13,2,4,4,2,2,3,5,8,5,0,3,7,5,5,1,1,2,2,2,2,0,0,0,8,8,5,0,3,15,18,0,7,3,2,4,6,0,0,2,2,0,3,0,1,1,5,7,5,1,8,6,3,2,2,6,2,1,0,8,6,1,0,10,0,0,10,0,0,10,0,0,10,0,0,10,0,2,8,7,3,4,2,4,3,6,1,4,10,1,5,10,1,6,10,4,10,10,0,10,10,0,1,8,1,0,9,1,0,10,0,6,8,2,8,9,2,10,10,0,0,10,0,0,10,0,3,10,3,6,10,3,9,10,1,4,10,6,6,8,6,3,10,7,6
Hougang,1,8,0,4,9,0,3,0,1,0,0,1,1,1,0,3,3,2,1,0,0,1,2,0,2,1,0,1,0,1,1,2,3,3,3,2,3,3,3,2,2,2,1,1,0,0,-7,0,0,0,1,1,0,1,0,0,0,3,3,1,1,0,0,0,0,2,2,0,0,1,1,0,0,2,2,2,1,0,0,1,0,1,0,0,1,0,0,0,0,0,0,0,0,0,0,0,0,0,0,0,0,0,4,0,2,1,0,1,0,2,2,2,0,0,3,1,2,0,0,1,0,0,2,0,0,0,2,2,2,0,1,4,5,0,2,1,1,1,2,0,0,1,0,0,1,0,0,1,1,2,2,0,2,2,1,1,0,2,1,0,0,2,2,0,0,3,0,0,3,0,0,3,0,0,3,0,0,3,0,0,3,3,0,0,1,2,1,1,1,0,3,1,1,3,1,2,3,0,2,3,1,3,3,0,0,3,0,0,3,0,0,3,0,1,3,0,1,3,2,3,3,0,0,3,0,0,3,0,1,3,1,2,3,1,3,3,0,0,3,3,1,3,2,1,3,2,1
IgdirFK,19,11,7,6,30,6,1,4,9,1,1,3,4,0,1,10,9,6,2,2,1,6,5,2,7,1,1,0,0,0,4,8,8,9,10,7,7,8,9,4,5,6,1,2,2,0,8,4,1,1,1,0,0,10,5,2,2,9,2,0,0,5,2,0,0,6,0,0,0,8,8,3,2,9,9,2,0,1,0,0,0,0,1,3,1,0,0,0,3,0,0,0,0,0,0,0,0,0,1,1,0,0,13,3,3,5,3,3,4,3,8,4,1,5,6,7,4,1,1,3,3,2,0,1,0,0,7,8,4,0,12,5,17,8,1,2,4,9,2,6,0,1,0,1,0,2,0,1,7,10,4,0,10,4,3,1,6,4,10,2,0,4,1,0,2,5,4,1,9,1,0,10,1,0,11,0,0,11,0,9,2,4,7,0,5,6,5,3,3,10,5,1,11,9,0,11,10,0,11,11,0,11,11,0,1,8,2,0,10,1,0,11,0,8,8,3,11,10,0,11,11,0,0,3,8,0,11,0,10,3,1,11,11,0,11,11,0,10,5,7,8,8,6,10,3,9,5
Inter,27,8,10,3,35,8,2,1,5,0,2,1,3,3,2,11,9,8,5,2,0,7,4,2,4,5,3,1,2,0,3,6,9,11,11,4,7,9,9,6,8,8,5,5,2,0,19,2,2,2,2,0,0,10,8,5,3,6,2,0,0,8,2,0,0,2,1,0,0,5,7,5,3,6,6,2,0,0,1,0,0,0,1,0,1,0,0,1,1,1,0,0,1,1,0,0,0,1,1,0,0,0,13,6,1,4,2,3,4,3,8,4,1,5,6,7,4,4,2,3,0,1,0,0,0,1,7,8,4,0,17,5,22,7,1,3,4,8,3,2,0,1,1,2,0,2,0,0,5,10,7,0,10,7,5,1,3,7,9,5,3,5,0,0,6,3,2,4,5,2,2,7,2,1,9,1,0,10,1,8,3,2,9,1,5,5,1,4,6,9,3,2,11,5,0,11,7,0,11,9,0,11,10,0,2,5,4,0,9,2,0,11,0,10,5,1,11,9,0,11,11,0,3,4,4,3,8,0,10,4,1,11,8,0,11,8,0,9,3,10,10,5,7,10,4,8,6
IroniTiberias,14,17,5,13,31,4,4,1,4,0,2,1,1,1,4,9,7,6,5,4,0,7,2,2,2,5,3,0,1,1,3,4,5,9,9,2,3,7,7,2,6,6,5,5,4,0,-3,2,0,1,1,0,2,8,3,2,1,5,4,4,3,4,1,0,0,5,4,3,1,6,7,2,1,1,2,1,3,0,0,0,0,0,2,1,0,0,2,0,0,0,1,0,1,0,0,0,0,1,0,0,0,0,18,1,5,3,3,3,1,1,6,5,4,4,5,4,3,0,1,3,1,0,0,0,0,1,2,4,3,2,9,4,13,5,2,2,1,5,4,3,1,1,1,1,1,0,0,0,7,8,4,0,8,4,1,1,4,4,6,2,1,3,1,0,2,5,2,2,7,0,1,7,1,0,8,1,0,9,0,5,4,5,4,2,4,3,5,0,4,5,5,1,6,7,0,6,7,2,8,8,0,8,9,1,1,8,0,0,8,1,0,9,0,4,8,2,6,8,1,7,9,2,2,4,3,1,7,1,7,4,1,8,7,1,9,8,0,5,5,8,4,8,6,7,4,7,3
IspeFC,19,8,8,3,27,5,0,2,5,0,1,1,1,1,2,7,6,5,4,3,1,5,2,1,2,3,2,0,0,0,2,3,4,6,6,2,3,5,5,2,4,4,3,3,2,1,11,2,0,3,0,0,0,7,5,4,2,5,3,0,0,5,2,1,0,2,1,0,0,3,5,3,2,5,5,3,0,0,0,0,0,0,1,1,0,0,0,0,0,1,0,0,1,0,1,0,0,0,1,0,0,0,11,4,0,3,2,2,2,2,5,3,1,3,4,4,2,2,1,2,0,1,0,0,0,0,4,4,2,1,11,5,16,4,0,3,4,2,5,1,2,0,0,2,0,1,1,0,5,6,5,1,7,6,2,0,1,6,7,4,0,4,1,0,3,2,2,3,4,0,0,4,3,0,7,0,0,7,0,5,2,0,7,1,4,2,1,3,3,7,2,0,7,4,0,7,4,0,7,7,0,7,7,0,1,3,3,0,6,1,0,7,0,7,3,0,7,6,0,7,7,0,2,3,2,0,5,2,7,3,0,7,5,0,7,7,0,7,2,5,7,3,4,7,3,4,3
IstanbulsporAS,18,13,9,7,31,3,1,7,8,2,0,3,1,4,0,9,9,6,5,1,1,1,10,2,4,4,0,0,1,0,3,4,8,8,9,4,8,8,9,5,5,6,4,5,1,0,5,1,1,0,0,1,0,9,5,3,1,8,3,2,0,8,1,0,0,6,1,0,0,6,8,4,1,6,8,3,0,2,0,0,0,0,0,3,0,1,0,0,1,1,0,0,0,1,0,1,0,1,0,0,0,0,16,3,2,6,5,2,3,5,9,6,1,4,7,5,6,2,1,2,1,4,0,0,0,1,8,9,6,0,9,6,15,4,2,5,2,3,8,1,2,4,1,0,1,1,1,0,5,6,4,1,7,5,2,4,2,5,5,4,0,4,2,0,2,8,1,1,9,1,1,10,0,0,10,1,0,11,0,5,6,4,7,4,3,4,4,4,3,10,8,0,10,9,1,11,10,0,11,10,0,11,11,0,1,8,2,0,10,1,0,11,0,9,8,2,11,10,0,11,11,0,2,7,2,0,9,2,9,7,1,10,9,1,11,11,0,10,8,4,9,8,5,9,7,6,5
Juventus,20,8,9,5,28,6,0,4,6,2,0,3,2,1,1,8,8,5,3,2,1,4,6,2,5,2,1,0,1,0,3,5,6,7,7,5,6,7,7,3,4,4,2,2,1,1,12,3,2,0,0,0,0,8,6,3,2,6,1,1,0,5,3,1,0,5,0,0,0,5,6,4,2,5,6,1,0,2,0,0,0,0,0,2,0,0,0,1,2,0,0,0,0,1,0,0,0,0,0,0,1,0,14,4,2,4,3,3,3,1,7,4,3,6,4,6,4,1,0,3,2,1,0,2,0,0,4,7,4,0,11,3,14,5,0,5,2,2,8,2,3,3,0,1,0,0,1,0,6,6,4,1,7,5,1,3,2,5,7,4,0,2,1,0,3,4,3,1,7,2,1,9,0,1,9,0,0,9,1,8,2,2,8,2,4,4,4,2,4,10,4,0,10,7,0,10,9,0,10,9,0,10,9,0,1,6,3,1,9,0,0,9,1,8,6,2,10,9,0,10,9,0,3,5,2,0,7,3,10,5,0,10,7,0,10,10,0,10,4,6,8,6,6,10,5,5,3
Kabylie,11,6,3,2,17,4,1,3,5,1,2,2,2,0,1,7,5,3,1,1,0,5,3,3,4,1,2,0,0,0,4,6,6,7,7,4,4,5,5,2,3,3,1,1,1,0,5,3,0,1,1,0,0,7,2,1,1,5,1,0,0,3,0,0,0,2,0,0,0,6,6,1,1,5,5,1,0,1,0,0,0,0,2,2,1,0,0,0,1,0,0,0,0,0,0,0,0,0,1,0,0,0,5,2,1,5,1,4,3,1,4,1,0,3,5,7,1,2,0,4,1,1,0,0,0,0,4,4,1,0,8,4,12,3,0,5,4,2,6,2,0,2,0,3,0,0,0,0,5,5,3,1,6,4,1,2,2,4,6,1,1,4,0,0,1,4,3,1,7,0,0,7,1,0,8,0,0,8,0,4,4,1,7,1,5,2,1,3,4,7,4,1,8,7,0,8,7,0,8,8,0,8,8,0,0,6,2,0,8,0,0,8,0,7,6,1,8,8,0,8,8,0,1,5,2,0,7,1,8,5,0,8,7,0,8,8,0,7,4,5,7,6,3,8,5,3,2
Keciorengucu,16,7,9,2,23,4,2,4,5,3,0,1,4,1,1,7,7,6,2,1,0,5,5,3,5,2,1,0,1,0,1,5,6,7,7,5,6,7,7,5,6,6,2,2,1,0,9,1,1,1,2,0,0,7,4,3,1,5,2,0,0,6,3,0,0,2,0,0,0,4,6,3,1,5,5,2,0,3,0,0,0,0,0,1,2,0,0,0,1,0,0,0,1,1,0,0,0,0,0,0,0,0,11,4,0,6,2,4,1,5,6,5,0,1,9,5,5,1,3,4,0,2,0,0,0,0,6,6,5,0,7,5,12,2,2,6,3,4,6,1,0,3,2,3,0,0,0,0,6,7,4,0,7,4,1,3,3,4,5,1,1,5,0,0,3,6,1,2,7,1,1,8,1,1,9,0,0,9,1,4,6,2,8,4,2,4,0,3,7,8,6,2,10,7,0,10,8,0,10,9,0,10,9,0,3,6,1,0,7,3,0,10,0,10,6,0,10,7,0,10,10,0,1,8,1,1,9,0,8,8,2,10,9,0,10,9,0,8,6,6,10,6,4,8,8,4,6
Khenchela,9,4,4,1,13,3,1,4,3,1,2,4,1,0,0,7,5,1,0,0,0,3,5,3,5,0,3,1,0,0,6,7,7,7,7,5,5,5,5,1,1,1,0,0,0,0,5,1,1,1,1,0,0,6,2,1,0,4,0,0,0,4,0,0,0,1,0,0,0,5,6,2,0,4,4,0,0,1,1,0,0,0,1,3,0,0,0,1,0,0,0,0,1,0,0,0,0,0,0,0,0,0,5,3,0,5,1,4,3,1,4,1,0,3,5,7,1,3,0,4,0,1,0,0,0,0,4,4,1,0,5,3,8,2,2,4,1,2,6,0,2,3,2,1,0,0,0,0,5,5,3,0,5,3,0,3,2,3,3,2,0,3,0,0,2,5,1,1,6,1,0,7,1,0,8,0,0,8,0,4,4,2,6,3,3,2,1,3,4,7,5,1,8,6,0,8,7,0,8,8,0,8,8,0,0,5,3,0,8,0,0,8,0,8,5,0,8,8,0,8,8,0,2,6,0,0,6,2,6,6,2,8,6,0,8,8,0,7,5,4,8,5,3,6,6,4,1
KiryatShmona,13,13,4,7,26,3,5,2,7,1,2,0,4,3,0,9,7,7,3,0,0,6,4,3,4,3,1,1,0,0,2,6,9,9,9,4,7,7,7,7,7,7,3,3,0,0,0,1,2,0,5,0,0,8,3,2,0,8,5,0,0,3,1,0,0,7,0,0,0,6,8,3,0,8,8,5,0,1,1,0,0,0,1,0,4,0,0,0,0,1,0,0,0,2,0,0,0,0,0,0,0,0,11,1,4,5,3,3,4,2,7,3,1,5,5,7,3,0,0,3,4,2,0,1,0,0,6,7,3,0,9,6,15,4,2,4,4,5,5,2,1,1,2,3,0,1,0,0,8,9,5,0,9,5,1,1,4,5,7,2,0,6,0,0,2,7,1,0,8,2,0,10,0,0,10,0,0,10,0,4,6,6,4,2,6,2,2,1,7,5,7,5,10,8,0,10,10,0,10,10,0,10,10,0,0,9,1,0,10,0,0,10,0,6,9,4,10,10,0,10,10,0,1,6,3,0,9,1,8,6,2,10,9,0,10,10,0,5,7,8,6,9,5,8,6,6,7
Lazio,15,12,8,7,27,4,3,4,3,1,2,4,1,2,0,10,8,4,3,1,1,3,8,3,5,2,3,3,1,0,6,7,9,9,10,5,7,7,8,3,3,4,2,3,1,0,3,1,2,0,1,1,1,7,5,2,1,6,4,2,0,5,2,1,0,5,2,0,0,5,6,4,1,4,6,4,0,1,1,1,1,0,1,1,0,0,0,2,0,1,0,0,0,0,0,1,0,1,0,0,0,0,15,4,3,4,2,3,3,3,8,5,2,5,6,6,5,2,0,3,1,1,2,1,0,0,6,8,5,0,7,5,12,3,2,6,2,4,7,2,1,5,1,0,0,0,1,1,4,5,2,1,6,3,2,5,3,3,5,2,0,3,2,0,3,7,1,1,8,2,1,10,0,0,10,1,0,11,0,5,6,4,7,4,2,5,4,2,5,8,7,1,9,8,1,10,10,1,11,10,0,11,11,0,1,7,3,1,10,0,0,10,1,8,7,1,9,10,2,11,10,0,1,8,2,0,10,1,9,8,2,11,10,0,11,11,0,8,7,7,8,7,7,9,8,5,3
Lecce,7,15,5,4,22,2,6,3,4,2,2,2,4,1,0,9,7,5,1,0,0,6,5,4,6,1,1,4,0,0,4,8,9,9,9,6,7,7,7,5,5,5,1,1,0,0,-8,2,0,0,3,2,1,5,2,0,0,8,6,1,0,4,1,0,0,4,0,0,0,5,5,2,0,7,8,6,0,2,1,2,1,0,1,0,2,0,0,0,1,1,0,0,0,0,0,0,0,0,0,0,0,0,9,2,2,7,2,5,3,3,6,3,0,3,8,8,3,1,1,5,2,2,0,0,0,0,6,6,3,0,2,11,13,1,7,3,1,5,6,1,0,2,4,1,3,0,0,0,9,9,4,0,9,4,0,2,5,4,2,0,0,8,3,0,0,9,2,0,11,0,0,11,0,0,11,0,0,11,0,3,8,7,4,3,1,7,0,5,6,5,9,3,8,11,2,10,11,1,11,11,0,11,11,0,1,9,1,0,10,1,0,11,0,9,9,2,11,10,0,11,11,0,0,10,1,0,11,0,4,10,4,8,11,3,11,11,0,5,9,8,9,9,4,4,10,8,5
LionCity,10,2,4,2,12,3,0,0,2,0,0,0,2,0,0,3,3,3,1,1,1,2,1,0,2,0,1,0,0,0,0,2,2,2,3,2,2,2,3,2,2,3,0,1,1,0,8,1,0,1,0,0,0,3,3,2,1,2,0,0,0,3,1,0,0,2,0,0,0,1,2,2,1,2,2,0,0,0,0,0,0,0,0,0,0,0,0,0,1,0,0,0,1,0,0,0,0,0,0,0,0,0,6,2,0,1,2,0,1,1,3,2,1,2,1,1,2,1,0,0,0,1,0,1,0,0,2,3,2,0,6,0,6,3,0,0,0,2,1,1,1,0,0,0,0,0,0,0,2,3,2,0,3,2,1,0,1,2,3,2,1,0,0,0,2,0,1,2,1,0,1,1,1,0,2,1,0,3,0,3,0,0,3,0,2,1,2,0,1,3,0,0,3,1,0,3,1,0,3,2,0,3,3,0,0,1,2,0,3,0,0,3,0,3,1,0,3,3,0,3,3,0,2,0,1,1,1,1,3,0,0,3,1,0,3,2,0,3,0,3,3,1,2,3,0,3,3
MCAlger,13,4,4,2,17,8,0,0,3,0,4,1,2,0,1,8,4,3,1,1,0,7,1,4,3,1,5,0,0,0,5,7,7,8,8,3,3,4,4,2,3,3,1,1,1,0,9,7,1,0,0,0,0,8,4,1,0,3,1,0,0,3,1,0,0,2,0,0,0,7,8,4,0,3,3,1,0,0,0,0,0,0,4,0,0,0,0,1,2,0,0,0,0,0,1,0,0,0,0,0,0,0,6,2,0,6,2,5,1,1,3,2,1,2,6,6,2,1,0,5,0,1,0,1,0,0,2,3,2,0,9,2,11,6,0,2,2,5,3,5,1,0,0,2,0,0,0,0,8,8,3,0,8,3,0,0,5,3,8,1,0,2,0,0,1,0,7,0,7,1,0,8,0,0,8,0,0,8,0,8,0,0,8,1,5,2,1,1,6,8,0,0,8,7,0,8,8,0,8,8,0,8,8,0,0,6,2,0,8,0,0,8,0,8,6,0,8,8,0,8,8,0,1,2,5,0,7,1,8,2,0,8,7,0,8,8,0,8,0,8,8,6,2,8,2,6,3
MaccabiBneiRaina,9,24,4,8,33,1,7,2,6,1,1,1,1,5,0,9,8,7,6,1,1,3,7,2,2,5,0,2,0,1,2,3,8,8,8,2,7,7,7,6,6,6,5,5,0,1,-15,0,1,0,2,3,0,6,2,1,0,9,7,4,2,3,1,0,0,5,2,1,0,5,6,2,0,5,7,5,2,1,1,1,0,1,0,0,1,2,0,0,0,1,0,0,0,1,0,0,0,0,0,0,0,0,12,2,3,5,2,4,2,2,6,4,2,4,6,6,4,1,0,4,1,1,1,1,0,0,4,6,4,0,5,16,21,1,8,1,4,5,5,1,0,1,1,0,3,0,0,3,5,8,6,1,9,7,4,1,2,7,5,0,0,8,7,1,1,9,0,0,9,1,0,10,0,0,10,0,0,10,0,2,8,8,2,2,3,5,1,6,3,3,9,2,5,9,3,8,10,0,8,10,1,9,10,1,0,8,2,0,10,0,0,10,0,7,8,1,8,10,1,9,10,1,0,9,1,0,10,0,2,9,4,6,10,4,10,10,0,3,9,8,7,8,5,2,9,9,5
MaccabiHaifa,22,11,7,1,33,5,3,1,6,0,1,1,2,2,2,9,8,7,5,3,1,5,4,1,3,4,1,1,1,0,2,4,6,8,9,3,5,7,8,4,6,7,4,5,3,0,11,1,1,1,3,0,0,8,7,3,3,7,3,1,0,5,2,0,0,1,0,0,0,5,5,4,3,6,7,3,0,0,1,0,0,0,0,0,1,0,0,1,1,1,1,0,0,0,0,0,0,1,1,0,0,0,8,5,0,4,1,4,3,1,5,2,1,4,5,7,2,3,1,4,0,0,0,1,0,0,4,5,2,0,15,10,25,4,3,2,5,5,4,0,0,1,1,0,0,1,1,1,1,5,4,3,8,7,7,1,1,7,7,5,3,6,3,1,4,4,1,3,5,1,2,6,1,0,7,2,0,9,0,6,3,3,6,1,6,2,1,6,2,6,4,3,9,5,0,9,6,0,9,7,0,9,9,0,1,4,4,0,8,1,0,9,0,9,4,0,9,8,0,9,9,0,3,5,1,2,6,1,6,5,2,8,6,1,9,7,0,6,4,8,9,4,5,6,5,7,2
MaccabiTelAviv,21,14,6,4,35,6,1,3,8,0,1,2,2,4,0,10,9,7,5,1,1,3,7,1,4,4,1,0,1,0,3,5,9,9,9,4,8,8,8,6,6,6,4,4,0,1,7,3,2,0,0,0,0,10,7,3,1,8,2,1,1,5,1,0,0,3,1,0,0,7,9,6,1,7,7,1,1,0,0,0,0,0,1,2,0,0,0,0,2,1,0,0,0,2,0,0,0,1,0,0,0,0,10,3,1,6,2,4,2,4,6,4,0,2,8,6,4,2,1,4,0,2,1,0,0,0,6,6,4,0,15,10,25,7,2,1,4,5,5,1,4,0,1,1,0,2,0,0,7,9,7,1,10,8,3,0,2,8,9,6,0,5,1,1,3,4,3,1,7,2,1,9,0,0,9,1,0,10,0,9,1,3,7,1,7,2,3,5,2,9,4,0,9,7,0,9,9,0,9,9,1,10,10,0,1,7,2,0,9,1,0,10,0,9,7,0,9,9,1,10,10,0,4,3,3,0,6,4,8,3,1,9,6,0,9,10,0,9,4,7,9,7,4,8,3,9,4
MaduraUnited,10,14,4,5,24,2,5,2,5,1,2,1,3,0,1,8,6,5,2,2,1,6,3,3,4,1,0,3,0,0,3,6,6,7,8,4,4,5,6,3,4,5,1,2,2,0,-4,1,0,0,3,0,2,5,2,1,1,8,3,2,1,3,1,0,0,4,1,0,0,4,4,1,1,6,7,2,1,1,2,0,1,0,0,1,1,0,1,0,1,0,0,0,0,0,0,0,0,0,0,0,0,0,9,2,3,4,1,3,3,3,6,3,0,3,6,6,3,1,1,3,2,1,1,0,0,0,6,6,3,0,6,9,15,2,4,3,3,5,4,1,0,2,2,1,0,0,0,1,4,6,3,1,7,4,3,2,3,4,4,1,1,6,2,1,1,7,1,1,8,0,1,8,0,0,8,1,0,9,0,3,6,6,3,1,3,5,2,4,3,4,7,3,7,8,0,7,8,2,9,8,0,9,9,0,1,7,1,0,8,1,0,9,0,6,7,2,8,8,1,9,9,0,1,7,1,0,8,1,5,7,3,8,8,0,8,9,1,4,7,7,6,7,5,5,7,6,3
MaharUnited,11,11,7,5,22,2,1,2,4,1,0,0,0,1,1,4,4,4,4,3,2,2,3,1,0,2,0,0,0,0,0,0,1,2,3,0,1,2,3,1,2,3,2,3,2,1,0,1,0,1,0,0,0,4,3,2,1,4,4,1,1,3,2,2,0,3,2,0,0,2,3,2,1,3,3,3,1,1,0,0,0,0,0,0,0,0,0,0,0,1,0,0,0,0,1,0,0,0,0,0,0,0,12,2,2,1,2,1,0,1,4,4,3,2,3,1,3,0,0,1,0,0,1,0,0,1,1,3,3,1,4,6,10,1,2,2,1,2,3,0,1,1,1,0,0,0,1,0,2,3,2,1,4,3,2,1,1,3,2,2,0,3,2,1,1,3,1,1,4,0,0,4,1,0,5,0,0,5,0,3,2,3,2,3,1,1,1,2,2,4,3,0,4,4,0,4,4,0,4,5,1,5,5,0,2,3,0,1,3,1,0,4,1,3,3,1,4,3,1,5,4,0,1,4,0,0,4,1,3,4,1,4,4,0,4,5,1,4,3,3,3,3,4,3,4,3,2
MalutUnited,20,11,9,3,31,5,1,2,5,0,1,3,0,0,2,8,7,4,4,4,2,3,5,1,3,2,2,1,0,0,4,4,4,6,7,3,3,5,6,0,2,3,2,3,3,1,9,2,1,1,0,1,0,7,5,4,2,6,4,1,0,6,3,0,0,3,0,0,0,3,5,3,2,5,6,4,0,0,0,1,0,0,1,1,0,0,0,1,0,0,0,0,0,0,1,1,0,0,1,0,0,0,12,4,0,4,3,2,1,4,6,5,1,2,6,3,5,1,2,2,0,2,0,1,0,0,5,6,5,0,11,8,19,4,3,1,3,5,3,1,0,1,1,0,1,1,0,1,3,6,4,1,7,5,4,1,2,5,5,3,2,5,3,0,3,3,2,2,5,1,1,6,1,0,7,1,0,8,0,7,1,3,5,3,4,1,1,4,3,7,3,0,7,5,1,8,6,0,8,7,0,8,8,0,2,4,2,0,6,2,0,8,0,8,4,0,8,6,0,8,8,0,2,4,2,1,6,1,5,4,2,7,6,1,8,7,0,7,3,6,8,4,4,5,4,7,3
ManisaFK,17,17,8,6,34,4,3,3,6,0,1,2,3,2,1,10,9,7,4,2,1,6,4,1,5,3,1,1,1,1,3,6,8,9,9,5,7,8,8,5,6,6,3,3,1,1,0,3,0,0,1,0,1,8,5,2,1,8,4,3,2,4,3,1,0,5,1,0,0,6,7,4,1,5,6,2,2,0,0,0,1,1,1,2,0,0,0,0,2,1,0,0,0,0,0,0,1,0,0,0,0,0,14,3,3,4,2,3,4,0,7,3,3,6,4,7,2,1,0,3,3,0,0,1,1,0,4,6,2,1,9,11,20,4,4,2,3,4,6,1,2,1,1,1,1,1,0,0,6,8,6,1,9,7,3,1,2,7,6,3,0,6,3,2,1,6,3,1,9,0,1,9,0,1,9,0,0,9,1,6,4,5,5,4,4,2,2,6,2,7,6,1,8,9,0,8,9,1,9,9,1,10,9,0,1,7,2,1,9,0,0,9,1,7,7,3,10,9,0,10,9,0,2,6,2,0,8,2,6,6,1,7,8,2,9,10,1,7,6,7,7,7,6,6,6,8,4
Mostaganem,6,7,4,3,13,2,3,2,2,0,3,3,0,1,0,7,4,1,1,0,0,3,4,3,3,1,2,3,0,0,6,6,7,7,7,3,4,4,4,1,1,1,1,1,0,0,-1,1,1,0,2,1,0,4,2,0,0,5,2,0,0,4,0,0,0,3,0,0,0,4,4,2,0,5,5,2,0,0,2,1,0,0,1,1,0,0,0,1,0,1,0,0,0,0,0,0,0,0,0,0,0,0,7,2,1,4,2,2,3,2,5,2,0,3,4,5,2,2,0,2,1,2,0,0,0,0,5,5,2,0,2,4,6,1,3,3,1,4,3,1,0,2,3,1,0,0,0,0,5,5,1,0,5,1,0,2,4,1,2,0,0,4,0,0,1,5,1,0,6,1,0,7,0,0,7,0,0,7,0,2,5,3,4,2,0,5,1,2,4,4,5,2,6,6,1,7,7,0,7,7,0,7,7,0,0,5,2,0,7,0,0,7,0,6,5,1,7,7,0,7,7,0,0,6,1,0,7,0,4,6,3,7,7,0,7,7,0,4,5,5,6,5,3,4,6,4,1
Napoli,17,8,7,3,25,7,0,3,6,2,2,0,2,3,1,8,6,6,4,1,0,5,5,4,2,4,2,0,0,0,2,4,7,8,8,2,5,6,6,5,6,6,4,4,1,0,9,5,2,0,0,0,0,8,6,3,0,6,2,0,0,5,1,1,0,2,1,0,0,5,8,6,0,6,6,2,0,2,0,0,0,0,2,0,0,0,0,0,2,1,0,0,0,2,1,0,0,0,0,0,0,0,10,5,2,3,0,3,5,1,7,2,1,6,4,8,2,4,0,3,1,0,1,0,0,0,6,7,2,0,10,5,15,4,1,5,3,3,7,1,2,3,1,1,0,1,1,0,5,6,4,1,7,5,2,3,2,5,6,4,0,4,1,0,2,3,5,0,8,2,0,10,0,0,10,0,0,10,0,8,2,3,7,2,5,3,2,4,4,10,3,0,10,8,0,10,10,0,10,10,0,10,10,0,1,5,4,1,9,0,0,9,1,8,5,1,9,9,1,10,9,0,2,6,2,0,8,2,9,6,1,10,8,0,10,10,0,10,3,7,8,5,7,9,6,5,5
Netanya,16,15,6,7,31,3,3,3,7,0,0,4,2,1,0,9,9,5,3,2,2,3,6,0,6,1,1,1,0,0,4,6,7,7,8,6,7,7,8,3,3,4,1,2,1,1,1,1,1,1,1,2,0,8,5,1,1,8,5,1,1,4,2,0,0,5,1,1,0,7,7,4,1,7,7,4,1,0,0,1,0,0,0,2,1,0,0,1,1,1,0,1,0,0,0,0,0,0,0,0,0,0,13,2,4,3,2,2,4,2,7,3,1,5,4,6,2,1,1,2,3,1,0,0,0,0,6,6,2,1,10,8,18,2,3,4,4,2,7,0,1,1,2,3,1,0,0,0,7,7,5,1,8,6,1,1,2,6,5,2,1,7,1,0,2,6,1,1,7,1,0,8,1,0,9,0,0,9,0,4,5,5,4,3,4,2,2,3,4,6,6,1,7,7,2,9,8,0,9,9,0,9,9,0,1,7,1,0,8,1,0,9,0,5,7,4,9,8,0,9,9,0,2,7,0,1,7,1,6,7,2,8,7,1,9,8,0,6,6,6,5,7,6,6,7,5,3
OlympiqueAkbou,9,5,4,2,14,5,1,2,4,0,4,2,2,0,0,8,4,2,0,0,0,6,2,4,4,0,3,1,0,0,6,8,8,8,8,4,4,4,4,2,2,2,0,0,0,0,4,5,0,0,1,0,0,7,2,0,0,5,0,0,0,4,0,0,0,2,0,0,0,7,7,2,0,5,5,0,0,0,1,0,0,0,3,2,0,0,0,0,2,0,0,0,0,0,0,0,0,0,0,0,0,0,6,3,1,4,1,3,4,1,5,1,0,4,4,7,1,3,0,3,1,1,0,0,0,0,5,5,1,0,5,3,8,2,0,6,3,2,6,2,0,3,0,3,0,0,0,0,5,5,3,0,5,3,0,3,2,3,5,0,0,3,0,0,0,3,5,0,8,0,0,8,0,0,8,0,0,8,0,5,3,1,7,2,3,3,2,3,3,7,3,1,8,8,0,8,8,0,8,8,0,8,8,0,0,5,3,0,8,0,0,8,0,7,5,1,8,8,0,8,8,0,0,6,2,0,8,0,8,6,0,8,8,0,8,8,0,7,3,6,7,5,4,8,6,2,2
Oran,10,4,1,1,14,4,0,4,4,2,1,3,1,1,0,6,5,2,1,0,0,2,6,3,4,1,2,0,0,0,4,5,6,6,6,4,5,5,5,2,2,2,1,1,0,0,6,2,2,0,0,0,0,6,3,1,0,4,0,0,0,1,0,0,0,1,0,0,0,5,6,3,0,4,4,0,0,2,0,0,0,0,1,2,0,0,0,1,1,0,0,0,0,1,0,0,0,0,0,0,0,0,2,1,1,6,0,6,2,0,2,0,0,2,6,8,0,1,0,6,1,0,0,0,0,0,2,2,0,0,9,3,12,4,1,3,2,4,4,1,1,2,1,1,0,1,0,0,4,6,4,0,6,4,2,2,2,4,5,3,1,3,0,0,2,4,2,0,6,2,0,8,0,0,8,0,0,8,0,5,3,2,6,1,5,2,1,3,4,8,4,0,8,6,0,8,8,0,8,8,0,8,8,0,0,7,1,0,8,0,0,8,0,7,7,1,8,8,0,8,8,0,2,4,2,1,6,1,7,4,1,8,6,0,8,7,0,8,4,4,7,7,2,7,4,5,1
PSBSBiakNumfor,12,15,6,5,27,3,4,3,5,2,1,0,4,1,2,8,7,7,3,2,0,7,3,3,4,3,0,3,0,0,1,5,6,8,8,4,5,7,7,5,7,7,3,3,2,0,-3,2,0,1,2,0,2,5,4,2,1,8,5,2,0,3,1,1,1,5,0,0,0,3,4,3,1,6,8,5,0,2,1,0,2,0,0,0,1,0,0,0,1,1,0,0,0,0,1,0,0,0,1,0,0,0,11,1,3,6,2,4,3,2,6,3,1,3,7,7,2,0,0,4,3,2,0,0,0,0,5,5,2,1,6,10,16,2,4,4,3,4,6,0,1,3,1,1,1,1,0,1,4,7,6,0,7,6,3,3,1,6,4,2,0,6,3,1,1,7,2,1,9,0,0,9,1,0,10,0,0,10,0,3,7,6,4,1,3,6,2,4,4,6,7,2,8,9,0,8,9,2,10,10,0,10,10,0,1,9,0,1,9,0,1,9,0,7,9,3,10,9,0,10,9,0,1,8,1,0,9,1,6,8,2,8,9,1,9,10,1,6,7,7,7,9,4,6,8,6,4
PSIMYogyakarta,11,8,3,4,19,4,1,3,5,0,2,3,1,2,0,8,6,3,2,0,0,3,5,2,4,2,3,0,0,0,5,6,8,8,8,4,6,6,6,3,3,3,2,2,0,0,3,3,1,0,0,1,0,8,3,0,0,5,2,1,0,3,0,0,0,3,1,0,0,8,8,3,0,4,5,2,0,0,0,0,0,0,2,2,0,1,0,1,1,1,0,0,0,0,0,0,0,0,0,0,0,0,7,2,3,3,1,3,4,0,5,1,1,5,3,7,1,2,0,3,2,0,0,0,0,1,4,5,1,0,8,4,12,5,1,2,3,6,2,4,0,1,0,1,0,1,0,1,5,7,3,0,7,3,2,1,4,3,7,1,0,3,1,0,1,4,3,0,7,1,0,8,0,0,8,0,0,8,0,6,2,3,5,1,5,2,2,3,3,7,4,0,7,7,1,8,8,0,8,8,0,8,8,0,0,6,2,0,8,0,0,8,0,5,6,3,8,8,0,8,8,0,0,3,5,0,8,0,7,3,1,8,8,0,8,8,0,7,4,5,5,6,5,7,3,6,2
PSMMakassar,11,8,5,4,19,2,3,4,4,1,1,5,1,0,1,8,7,2,1,1,0,3,6,2,6,1,1,2,1,0,6,7,7,8,8,6,6,7,7,1,2,2,1,1,1,0,3,0,1,0,2,1,0,6,2,1,1,6,2,0,0,4,1,0,0,4,0,0,0,5,5,1,1,6,6,2,0,1,1,1,0,0,0,3,1,0,0,1,0,0,0,0,0,0,0,0,0,0,0,0,0,0,9,3,3,3,1,2,5,2,7,2,0,5,4,7,2,2,1,2,3,1,0,0,0,0,7,7,2,0,6,4,10,3,3,3,0,4,5,1,1,3,2,0,1,0,0,0,5,6,3,0,6,3,1,3,3,3,3,2,1,3,1,0,2,7,0,1,7,1,1,8,0,1,8,0,0,8,1,5,4,5,4,3,3,3,3,2,4,6,7,2,8,7,1,9,8,0,9,8,0,9,8,0,1,6,2,0,8,1,0,9,0,6,6,3,9,8,0,9,9,0,2,6,1,1,7,1,6,6,2,8,7,1,9,8,0,6,7,5,6,6,6,6,6,6,2
Paradou,8,5,5,3,13,4,3,1,2,1,3,2,2,0,0,7,4,2,0,0,0,5,3,4,4,0,4,1,0,0,5,7,7,7,7,4,4,4,4,2,2,2,0,0,0,0,3,2,2,0,3,0,0,6,2,0,0,3,2,0,0,4,1,0,0,2,1,0,0,6,6,2,0,3,3,2,0,1,1,0,0,0,2,0,2,0,0,2,0,0,0,0,0,0,0,0,0,0,0,0,0,0,8,3,1,4,1,3,2,3,5,3,0,2,6,5,3,2,1,3,0,1,1,0,0,0,5,5,3,0,3,2,5,3,2,3,0,5,3,3,0,3,2,0,0,0,0,0,5,5,0,0,5,0,0,3,5,0,3,0,0,2,0,0,2,4,2,0,6,2,0,8,0,0,8,0,0,8,0,5,3,3,5,3,2,3,1,1,6,5,4,3,8,6,0,8,8,0,8,8,0,8,8,0,1,5,2,0,7,1,0,8,0,7,5,0,7,7,1,8,8,0,0,5,3,0,8,0,6,5,2,8,8,0,8,8,0,5,4,7,7,5,4,6,5,5,2
Parma,7,13,3,6,20,2,5,4,4,2,3,3,1,2,0,9,6,3,2,0,0,4,7,5,4,2,1,4,0,0,6,7,9,9,9,4,6,6,6,3,3,3,2,2,0,0,-6,2,0,0,2,3,0,5,2,0,0,8,4,1,0,3,0,0,0,5,1,0,0,5,5,2,0,7,8,4,0,2,2,2,0,0,1,1,0,1,0,0,1,1,0,0,0,0,0,0,0,0,0,0,0,0,9,1,4,6,2,5,4,1,6,2,1,5,6,9,2,1,0,5,3,1,0,0,0,1,5,6,2,0,4,7,11,2,4,5,2,5,6,2,0,3,3,2,1,0,0,0,8,8,3,0,8,3,0,3,5,3,4,0,0,6,1,0,0,9,2,0,11,0,0,11,0,0,11,0,0,11,0,3,8,6,5,1,2,8,2,4,5,6,9,2,8,11,3,11,11,0,11,11,0,11,11,0,0,10,1,0,11,0,0,11,0,7,10,4,11,11,0,11,11,0,0,9,2,0,11,0,7,9,3,10,11,1,11,11,0,6,9,7,7,10,5,7,9,6,3
Pendikspor,21,3,6,2,24,7,0,3,3,2,0,3,3,1,1,8,8,5,2,1,0,4,6,2,6,2,4,0,1,0,3,6,7,8,8,6,7,8,8,4,5,5,2,2,1,0,18,1,2,3,0,0,0,8,7,4,2,3,0,0,0,5,1,0,0,2,0,0,0,4,6,5,2,3,3,0,0,2,0,0,0,0,0,1,0,0,0,2,1,0,0,0,2,0,0,0,0,1,1,0,0,0,8,3,0,7,2,5,2,3,5,3,0,2,8,7,3,2,1,5,0,2,0,0,0,0,5,5,3,0,15,1,16,7,0,3,1,4,6,1,3,3,0,0,0,1,0,0,4,7,6,0,7,6,3,3,1,6,7,6,2,1,0,0,6,3,1,4,4,2,1,6,3,0,9,1,0,10,0,7,3,0,10,2,6,2,2,1,7,10,3,0,10,4,0,10,6,0,10,9,0,10,10,0,1,7,2,0,9,1,0,10,0,10,7,0,10,9,0,10,10,0,5,3,2,2,5,3,10,3,0,10,5,0,10,8,0,10,3,7,10,7,3,10,3,7,4
Persebaya,18,11,8,5,29,5,2,2,6,0,2,1,2,3,0,9,7,6,4,1,1,5,4,2,3,3,1,1,1,0,3,5,8,8,8,3,6,6,6,5,5,5,3,3,0,1,7,3,0,1,1,1,0,8,5,2,2,7,3,1,0,5,3,0,0,4,1,0,0,6,6,3,2,6,7,3,0,0,1,0,0,0,1,1,0,1,0,0,2,1,0,0,0,0,0,0,0,1,0,0,0,0,13,3,1,5,3,3,0,5,6,6,1,1,8,3,6,0,2,3,0,2,1,1,0,0,5,6,6,0,10,6,16,4,2,3,4,4,5,2,1,0,2,3,0,0,0,0,8,8,4,1,9,5,1,0,4,5,7,2,1,6,0,0,2,4,3,2,7,0,1,7,1,0,8,1,0,9,0,5,4,3,6,1,4,4,2,3,4,7,4,1,8,7,1,9,7,0,9,8,0,9,9,0,2,6,1,0,7,2,0,9,0,8,6,0,8,7,1,9,9,0,2,5,2,0,7,2,7,5,2,9,7,0,9,9,0,7,4,7,8,6,4,7,5,6,5
PersibBandung,13,1,6,1,14,8,0,0,1,0,4,3,0,1,0,8,4,1,1,0,0,4,4,4,3,1,7,0,0,0,7,7,8,8,8,3,4,4,4,1,1,1,1,1,0,0,12,4,4,0,0,0,0,8,4,1,0,1,0,0,0,6,0,0,0,1,0,0,0,7,8,4,0,1,1,0,0,0,0,0,0,0,4,0,0,0,0,3,0,0,0,0,0,1,0,0,0,0,0,0,0,0,7,5,0,3,1,2,5,1,6,1,0,5,3,7,1,5,0,2,0,1,0,0,0,0,6,6,1,0,7,0,7,6,0,2,0,5,3,5,1,2,0,0,0,0,0,0,6,6,1,0,6,1,0,2,5,1,6,1,0,0,0,0,4,0,4,0,4,4,0,8,0,0,8,0,0,8,0,8,0,0,8,2,3,3,1,0,7,8,0,0,8,4,0,8,8,0,8,8,0,8,8,0,0,3,5,0,8,0,0,8,0,8,3,0,8,8,0,8,8,0,1,2,5,0,7,1,8,2,0,8,7,0,8,8,0,8,0,8,8,3,5,8,2,6,1
PersijaJakarta,19,4,3,3,23,6,0,2,4,0,0,4,1,3,0,8,8,4,3,0,0,1,7,0,5,3,3,0,1,0,4,5,8,8,8,5,8,8,8,4,4,4,3,3,0,0,15,0,4,1,0,0,0,8,6,4,1,4,0,0,0,3,0,0,0,3,0,0,0,4,7,5,1,4,4,0,0,0,0,0,0,0,0,2,0,0,0,2,0,0,0,0,1,2,0,0,0,1,0,0,0,0,6,2,2,4,1,3,4,1,5,1,0,4,4,7,1,2,0,3,2,1,0,0,0,0,5,5,1,0,16,1,17,7,0,1,1,3,5,1,4,0,0,1,0,0,0,0,6,8,7,0,8,7,2,0,1,7,8,6,2,1,0,0,6,2,0,2,2,4,1,6,1,0,7,1,0,8,0,7,1,2,6,0,8,0,3,1,4,8,2,0,8,2,0,8,6,0,8,7,0,8,8,0,0,6,2,0,8,0,0,8,0,6,6,2,8,8,0,8,8,0,6,1,1,2,2,4,8,1,0,8,2,0,8,6,0,8,2,6,6,6,4,8,1,7,4
PersijapJepara,7,15,2,6,22,1,6,2,6,1,0,2,6,0,0,8,8,6,0,0,0,6,3,1,8,0,0,2,0,0,2,8,8,8,8,8,8,8,8,6,6,6,0,0,0,0,-8,1,0,0,4,1,1,6,1,0,0,8,6,1,0,2,0,0,0,5,1,0,0,6,6,1,0,7,8,6,0,1,0,1,1,0,0,1,4,0,0,0,1,0,0,0,0,0,0,0,0,0,0,0,0,0,8,1,4,4,1,3,4,2,6,2,0,4,5,7,2,1,0,3,3,1,1,0,0,0,6,6,2,0,5,9,14,1,4,4,4,4,5,0,0,1,3,3,1,1,0,0,7,8,5,0,8,5,1,1,3,5,4,1,0,8,1,0,0,8,1,0,9,0,0,9,0,0,9,0,0,9,0,2,7,6,3,2,4,3,1,3,5,3,8,4,7,9,1,8,9,1,9,9,0,9,9,0,0,8,1,0,9,0,0,9,0,5,8,3,8,9,1,9,9,0,0,8,1,0,9,0,5,8,3,8,9,1,9,9,0,3,8,7,5,8,5,5,8,5,5
PersikKediri,10,8,6,1,18,3,1,3,7,0,0,3,4,0,0,7,7,4,0,0,0,4,3,0,7,0,0,0,0,0,3,7,7,7,7,7,7,7,7,4,4,4,0,0,0,0,2,3,0,0,1,0,0,7,3,0,0,7,1,0,0,3,3,0,0,1,0,0,0,7,7,3,0,7,7,1,0,0,0,0,0,0,0,3,1,0,0,0,3,0,0,0,0,0,0,0,0,0,0,0,0,0,7,3,1,3,0,3,1,3,4,3,0,1,6,4,3,0,3,3,1,0,0,0,0,0,4,4,3,0,4,7,11,0,3,4,4,3,4,0,0,0,3,4,0,0,0,0,7,7,4,0,7,4,0,0,3,4,4,0,0,7,0,0,0,4,3,0,7,0,0,7,0,0,7,0,0,7,0,3,4,4,3,3,4,0,0,6,1,6,4,1,7,7,0,7,7,0,7,7,0,7,7,0,3,4,0,0,4,3,0,7,0,6,4,1,7,4,0,7,7,0,0,7,0,0,7,0,4,7,3,7,7,0,7,7,0,6,4,4,6,4,4,4,7,3,4
PersisSolo,10,19,2,7,29,0,5,2,6,0,0,0,2,4,0,7,7,7,5,1,1,3,4,0,2,4,0,1,0,0,0,2,6,6,6,2,6,6,6,6,6,6,4,4,0,1,-9,0,0,0,2,2,1,6,3,1,0,7,7,4,1,2,0,0,0,4,2,1,0,5,6,3,0,3,6,6,1,0,0,0,1,0,0,0,1,2,0,0,0,2,0,0,0,0,0,0,1,0,0,0,0,0,9,2,4,1,0,1,4,1,6,2,1,5,2,5,2,2,0,1,2,0,1,0,0,0,5,6,2,0,8,12,20,2,5,0,4,4,3,1,1,0,0,0,1,0,0,3,3,6,5,1,7,6,4,0,1,6,6,2,0,5,5,1,0,7,0,0,7,0,0,7,0,0,7,0,0,7,0,4,3,7,0,0,5,2,2,5,0,2,7,2,4,7,2,6,7,1,7,7,0,7,7,0,0,5,2,0,7,0,0,7,0,3,5,2,5,7,1,6,7,1,1,5,1,0,6,1,2,5,3,5,6,2,7,7,0,2,7,5,3,5,6,2,5,7,5
Persita,15,3,5,1,18,6,1,1,2,1,1,2,3,1,0,7,6,4,1,0,0,4,4,2,5,1,3,1,1,0,3,6,7,7,7,5,6,6,6,4,4,4,1,1,0,0,12,2,2,1,1,0,0,6,6,2,1,3,0,0,0,5,0,0,0,1,0,0,0,4,5,5,1,3,3,0,0,1,1,0,0,0,0,0,0,0,0,2,2,0,0,0,1,0,0,0,0,1,0,0,0,0,6,5,1,2,0,2,6,0,6,0,0,6,2,8,0,5,0,2,1,0,0,0,0,0,6,6,0,0,10,2,12,4,0,4,2,4,4,2,0,2,0,2,0,0,0,0,4,6,4,0,6,4,2,2,2,4,6,2,2,2,0,0,4,2,2,2,4,2,1,6,1,0,7,1,0,8,0,6,2,1,7,0,2,6,1,2,5,7,2,1,8,4,0,8,6,0,8,7,0,8,8,0,0,3,5,0,8,0,0,8,0,7,3,1,8,8,0,8,8,0,2,4,2,2,6,0,8,4,0,8,6,0,8,6,0,7,2,7,7,3,6,8,4,4,3
Pisa,2,11,0,2,13,1,6,4,1,3,4,3,1,0,0,8,4,1,0,0,0,5,6,7,4,0,1,6,0,0,7,8,8,8,8,4,4,4,4,1,1,1,0,0,0,0,-9,1,0,0,3,2,1,2,0,0,0,7,3,1,0,0,0,0,0,2,0,0,0,2,2,0,0,6,7,3,0,3,3,2,1,0,1,1,0,0,0,0,0,0,0,0,0,0,0,0,0,0,0,0,0,0,2,0,2,9,0,9,2,0,2,0,0,2,9,11,0,0,0,9,2,0,0,0,0,0,2,2,0,0,2,9,11,1,4,6,1,3,8,1,0,5,1,1,2,0,0,0,5,6,4,0,6,4,1,5,2,4,2,0,0,5,3,1,0,10,1,0,11,0,0,11,0,0,11,0,0,11,0,1,10,6,5,0,2,9,2,5,4,5,10,3,8,11,2,10,11,1,11,11,0,11,11,0,0,11,0,0,11,0,0,11,0,9,11,2,11,11,0,11,11,0,0,10,1,0,11,0,7,10,1,8,11,2,10,11,1,5,10,7,9,11,2,7,10,5,0
RakhineUnited,7,6,4,2,13,2,2,1,3,0,1,2,1,0,1,5,4,2,1,1,0,3,2,1,3,1,1,1,0,0,3,4,4,5,5,3,3,4,4,1,2,2,1,1,1,0,1,1,0,1,1,1,0,4,1,1,1,4,2,0,0,3,1,0,0,2,0,0,0,3,3,0,1,4,4,2,0,0,0,1,0,0,1,1,1,0,0,0,0,0,0,0,0,0,0,0,0,0,1,0,0,0,6,2,0,3,2,2,1,1,3,2,1,2,3,3,2,1,0,2,0,1,0,1,0,0,2,3,2,0,3,4,7,1,2,2,1,1,4,0,1,1,1,1,1,0,0,0,4,4,3,0,4,3,0,1,1,3,2,1,0,3,1,0,1,3,1,1,4,0,0,4,1,0,5,0,0,5,0,2,3,2,3,2,1,2,1,2,2,3,3,1,4,4,1,5,4,0,5,5,0,5,5,0,0,3,2,0,5,0,0,5,0,5,3,0,5,5,0,5,5,0,1,4,0,0,4,1,3,4,1,4,4,1,5,5,0,3,3,4,5,3,2,3,4,3,2
Rouisset,9,4,6,1,13,4,1,2,2,1,2,2,1,1,0,6,4,2,1,0,0,3,4,3,3,1,4,0,0,0,4,5,6,6,6,3,4,4,4,2,2,2,1,1,0,0,5,2,1,1,0,1,0,6,2,1,0,2,1,1,0,5,1,0,0,1,0,0,0,5,6,2,0,1,2,1,0,1,0,0,0,0,2,1,0,1,0,1,0,0,0,0,1,0,0,0,0,0,0,0,0,0,7,4,0,3,1,2,3,2,5,2,0,3,4,5,2,3,1,2,0,1,0,0,0,0,5,5,2,0,3,3,6,1,1,5,1,0,7,0,1,4,0,1,1,0,0,0,3,3,3,0,3,3,0,4,0,3,2,1,0,2,1,0,2,3,2,1,5,1,0,6,1,0,7,0,0,7,0,4,3,1,6,4,2,1,0,2,5,6,3,0,6,5,1,7,6,0,7,7,0,7,7,0,1,3,3,0,6,1,0,7,0,7,3,0,7,6,0,7,7,0,1,6,0,0,6,1,6,6,0,6,6,1,7,7,0,6,3,5,7,3,4,6,6,2,2
SCAshdod,15,24,8,13,39,2,5,3,7,0,0,4,1,2,1,10,10,6,5,3,2,3,7,0,5,3,1,1,0,1,4,5,7,8,8,5,7,8,8,3,4,4,3,3,1,2,-9,0,1,1,1,1,1,8,5,1,1,9,6,3,3,6,1,1,0,6,4,1,1,7,7,4,1,6,6,3,3,0,0,1,0,1,0,2,1,0,0,1,0,1,0,0,0,0,0,0,0,0,1,0,0,0,21,3,4,3,4,2,2,3,8,6,3,3,7,4,4,2,0,2,0,1,2,0,0,1,5,6,4,2,7,11,18,2,5,3,3,4,6,1,1,2,1,1,2,0,0,1,6,7,5,1,8,6,2,2,2,6,5,2,0,6,4,1,2,8,0,1,8,1,0,9,1,0,10,0,0,10,0,4,6,7,3,4,2,4,4,4,2,5,8,1,6,8,1,7,9,1,8,10,2,10,10,0,1,7,2,0,9,1,0,10,0,6,7,1,7,9,2,9,10,0,1,8,1,0,9,1,5,8,3,8,9,2,10,10,0,5,8,7,6,7,7,5,8,7,2
Sakaryaspor,14,14,6,8,28,4,3,3,6,1,1,3,2,0,3,9,8,5,3,3,0,6,4,2,5,3,2,1,0,0,4,6,6,9,9,5,5,8,8,2,5,5,3,3,3,0,0,3,0,1,1,1,1,8,4,2,0,7,4,2,1,5,1,0,0,6,2,0,0,6,8,4,0,5,6,3,1,1,0,1,0,0,1,2,0,0,1,0,1,0,1,0,1,0,1,0,0,0,0,0,0,0,14,2,4,4,3,2,5,1,8,3,2,6,4,7,2,2,0,2,3,1,0,0,1,1,6,7,2,1,8,6,14,4,2,4,2,4,6,3,1,2,1,1,1,0,1,0,7,7,3,1,8,4,1,2,4,4,6,2,0,4,2,0,1,6,3,1,9,0,0,9,1,0,10,0,0,10,0,5,5,4,6,3,4,3,3,2,5,7,6,1,8,9,1,9,9,1,10,10,0,10,10,0,0,8,2,0,10,0,0,10,0,6,8,4,10,10,0,10,10,0,1,6,3,0,9,1,8,6,1,9,9,1,10,10,0,7,6,7,6,8,6,8,6,6,3
Sakhnin,12,14,6,6,26,3,3,3,4,1,0,3,3,0,1,8,8,5,2,2,1,4,5,1,6,1,2,1,0,1,3,6,6,7,8,6,6,7,8,3,4,5,1,2,2,0,-2,1,1,1,1,1,0,6,4,2,0,6,4,2,1,4,1,1,0,4,2,0,0,4,6,4,0,4,5,3,1,1,0,1,0,0,0,1,1,0,0,1,1,0,0,0,1,0,0,1,0,0,0,0,0,0,12,3,4,2,1,2,4,1,7,3,2,6,3,6,3,2,0,2,2,0,1,0,0,1,5,7,3,0,6,8,14,3,3,3,1,4,5,2,1,3,0,0,1,0,0,0,4,5,3,1,6,4,2,3,2,4,4,2,0,3,3,2,2,6,1,1,7,1,0,8,1,0,9,0,0,9,0,5,4,6,3,2,3,4,3,3,3,6,6,1,7,7,1,8,8,0,8,9,0,8,9,1,1,6,2,1,8,0,0,8,1,5,6,3,8,8,1,9,8,0,1,6,2,0,8,1,6,6,1,7,8,1,8,9,1,6,6,6,5,6,7,6,6,6,2
Saoura,14,11,8,3,25,5,2,1,6,0,2,0,3,1,2,8,6,6,3,2,0,7,1,2,3,3,2,0,0,0,2,5,6,8,8,3,4,6,6,4,6,6,3,3,2,0,3,5,0,0,2,0,0,8,4,2,0,6,5,0,0,5,2,1,0,2,1,0,0,6,8,4,0,6,6,5,0,0,0,0,0,0,2,0,2,0,0,0,1,1,0,0,0,0,2,0,0,0,0,0,0,0,11,4,1,3,1,2,2,3,6,4,1,3,5,4,4,2,1,2,0,1,1,0,0,0,5,6,4,0,6,8,14,2,3,3,3,4,4,1,0,2,1,0,1,1,1,1,3,5,3,1,6,4,3,2,2,4,4,2,0,5,3,0,0,3,5,0,8,0,0,8,0,0,8,0,0,8,0,6,2,4,4,4,4,0,1,4,3,6,3,2,8,8,0,8,8,0,8,8,0,8,8,0,2,4,2,1,6,1,0,7,1,7,4,0,7,6,1,8,7,0,0,6,2,0,8,0,5,6,2,7,8,1,8,8,0,6,3,7,7,4,5,5,6,5,4
Sariyer,8,10,2,2,18,4,4,2,4,1,3,3,3,0,0,9,6,3,0,0,0,6,4,4,6,0,3,2,0,0,6,9,9,9,9,6,6,6,6,3,3,3,0,0,0,0,-2,4,0,0,2,2,0,7,1,0,0,6,4,0,0,2,0,0,0,2,0,0,0,7,7,1,0,6,6,4,0,1,0,2,0,0,3,1,2,0,0,0,1,0,0,0,0,0,0,0,0,0,0,0,0,0,4,2,2,6,0,6,4,0,4,0,0,4,6,10,0,2,0,6,2,0,0,0,0,0,4,4,0,0,6,8,14,4,4,2,2,6,4,4,0,1,1,1,2,0,0,1,8,9,4,0,9,4,1,1,5,4,6,0,0,5,3,0,0,6,4,0,10,0,0,10,0,0,10,0,0,10,0,6,4,5,5,1,5,4,1,4,5,6,6,2,8,10,2,10,10,0,10,10,0,10,10,0,0,8,2,0,10,0,0,10,0,8,8,2,10,10,0,10,10,0,0,6,4,0,10,0,6,6,2,8,10,2,10,10,0,6,6,8,8,8,4,6,6,8,2
Sassuolo,11,14,6,7,25,3,5,2,5,0,3,2,2,3,0,10,7,5,3,0,0,5,5,3,4,3,1,4,0,0,5,7,10,10,10,4,7,7,7,5,5,5,3,3,0,0,-3,1,2,0,3,1,1,6,3,2,0,9,4,1,0,4,2,0,0,7,0,0,0,4,6,3,0,8,9,4,0,0,2,1,1,0,1,1,1,0,0,0,0,1,0,0,0,2,0,0,0,0,0,0,0,0,13,2,4,4,3,2,4,3,8,4,1,5,5,6,4,0,1,2,4,2,0,1,0,0,7,8,4,0,5,7,12,2,3,5,3,4,6,2,0,2,2,3,1,0,0,0,8,8,4,0,8,4,0,2,4,4,5,0,0,6,1,0,2,7,1,0,8,2,0,10,0,0,10,0,0,10,0,3,7,5,5,3,2,5,3,3,4,5,7,3,8,8,1,9,10,1,10,10,0,10,10,0,1,8,1,0,9,1,0,10,0,6,8,4,10,9,0,10,10,0,0,8,2,0,10,0,7,8,2,9,10,1,10,10,0,5,7,8,6,8,6,7,8,5,5
SemenPadang,9,14,2,6,23,2,6,1,5,0,2,3,2,1,1,9,7,4,2,1,0,5,4,2,5,2,2,2,0,0,5,7,8,9,9,5,6,7,7,3,4,4,2,2,1,0,-5,1,1,0,4,2,0,7,2,0,0,7,5,2,0,2,0,0,0,5,1,0,0,7,7,2,0,5,7,5,0,0,1,1,0,0,1,1,2,1,0,1,0,0,1,0,0,0,0,0,0,0,0,0,0,0,8,1,4,4,1,3,4,2,6,2,0,4,5,7,2,1,0,3,3,1,1,0,0,0,6,6,2,0,7,8,15,3,5,1,3,7,2,2,1,1,2,0,0,0,0,3,5,8,4,0,8,4,3,1,4,4,6,1,0,5,3,0,1,7,1,0,8,1,0,9,0,0,9,0,0,9,0,4,5,7,2,1,5,3,2,4,3,3,7,4,7,8,2,9,9,0,9,9,0,9,9,0,0,8,1,0,9,0,0,9,0,5,8,3,8,9,1,9,9,0,1,6,2,0,8,1,4,6,5,9,8,0,9,9,0,3,7,8,5,8,5,4,6,8,3
SerikSpor,15,18,7,9,33,4,6,1,5,0,3,1,3,2,1,11,8,7,4,2,1,7,4,3,4,3,3,2,1,0,4,7,9,10,11,4,6,7,8,5,6,7,3,4,2,0,-3,2,0,1,2,2,2,9,3,2,1,7,5,4,2,6,1,0,0,5,4,0,0,7,8,2,1,3,5,3,2,0,1,0,1,0,2,1,1,1,1,0,0,0,0,1,1,0,0,0,0,1,0,0,0,0,16,5,5,1,1,1,5,4,10,5,1,6,5,6,5,4,1,1,1,0,3,0,0,1,9,10,5,0,8,9,17,2,4,5,3,3,8,0,2,3,2,1,1,0,1,1,6,7,5,1,8,6,2,3,2,6,5,3,0,6,3,0,2,7,2,2,9,0,1,9,1,0,10,1,0,11,0,5,6,7,4,4,4,3,3,2,6,5,7,2,7,9,2,9,9,2,11,10,0,11,11,0,1,6,4,0,10,1,0,11,0,6,6,2,8,10,3,11,11,0,2,9,0,0,9,2,7,9,3,10,9,1,11,11,0,5,7,10,6,6,10,7,9,6,5
ShanUtd,10,1,2,0,11,3,0,2,1,2,0,0,1,2,0,3,3,3,2,0,0,1,4,2,1,2,1,0,1,0,0,1,3,3,3,1,3,3,3,3,3,3,2,2,0,0,9,0,1,1,0,0,0,3,3,3,1,1,0,0,0,2,0,0,0,0,0,0,0,0,2,2,1,1,1,0,0,2,0,0,0,0,0,0,0,0,0,0,0,0,0,0,1,1,0,0,0,1,0,0,0,0,2,2,0,3,0,3,2,0,2,0,0,2,3,5,0,2,0,3,0,0,0,0,0,0,2,2,0,0,8,1,9,3,0,2,1,1,4,0,1,2,0,0,0,0,0,0,1,2,2,1,3,3,2,2,0,3,3,3,2,1,0,0,3,2,0,2,2,1,1,3,1,0,4,1,0,5,0,3,2,0,5,0,3,2,0,1,4,5,2,0,5,2,0,5,3,0,5,4,0,5,5,0,0,3,2,0,5,0,0,5,0,5,3,0,5,5,0,5,5,0,3,2,0,1,2,2,5,2,0,5,2,0,5,4,0,5,2,3,5,3,2,5,2,3,2
Sivasspor,15,7,4,5,22,5,1,4,4,1,2,5,0,0,2,9,7,2,2,2,0,4,6,3,5,2,3,1,1,0,7,7,7,9,9,5,5,7,7,0,2,2,2,2,2,0,8,3,1,0,0,1,0,8,3,2,1,5,2,0,0,4,0,0,0,5,0,0,0,6,7,2,1,5,5,2,0,1,0,1,0,0,2,3,0,0,0,1,0,0,0,0,0,0,1,0,0,0,0,0,0,0,9,2,3,5,2,3,5,2,7,2,0,5,5,8,2,2,0,3,3,2,0,0,0,0,7,7,2,0,11,2,13,6,1,3,1,5,5,3,1,3,1,0,0,1,0,0,5,6,2,1,7,3,2,3,4,3,6,3,1,2,0,0,2,5,3,1,8,1,1,9,0,1,9,0,0,9,1,7,3,3,7,2,6,2,3,0,7,9,5,0,9,8,1,10,9,0,10,9,0,10,9,0,0,8,2,0,10,0,0,10,0,7,8,3,10,10,0,10,10,0,2,4,4,1,8,1,9,4,1,10,8,0,10,9,0,9,5,6,7,8,5,9,4,7,1
Tampines,10,4,6,2,14,1,0,2,2,1,0,0,0,0,0,2,2,2,2,2,2,0,3,1,0,0,0,0,0,0,0,0,0,0,1,0,0,0,1,0,0,1,0,1,1,1,6,0,0,0,0,0,0,2,2,2,1,2,1,1,0,2,1,1,1,2,0,0,0,0,1,1,1,1,2,1,0,1,0,0,0,0,0,0,0,0,0,0,0,0,0,0,0,0,0,1,0,0,0,0,0,0,8,1,0,2,2,1,0,1,2,2,1,0,3,1,1,0,0,1,0,1,0,0,0,0,1,1,1,1,4,2,6,1,0,2,1,0,3,0,1,1,0,0,0,0,1,0,1,1,1,1,2,2,1,1,0,2,2,2,0,1,1,0,1,2,0,1,2,0,1,2,0,1,2,0,1,2,0,1,2,0,3,1,1,1,1,1,1,3,2,0,3,2,0,3,2,0,3,2,0,3,2,0,1,2,0,1,2,0,1,2,0,3,2,0,3,2,0,3,2,0,1,2,0,0,2,1,3,2,0,3,2,0,3,3,0,3,2,1,3,2,1,3,2,1,0
TanjongPagar,5,11,1,7,16,1,2,0,1,0,0,0,1,0,0,3,3,3,2,2,2,2,1,0,1,0,0,1,0,0,0,1,1,1,2,1,1,1,2,1,1,2,0,1,1,1,-6,0,0,0,0,0,1,1,1,1,1,3,2,2,1,1,0,0,0,3,1,1,1,0,0,0,1,1,2,1,1,0,0,0,1,0,0,0,0,0,0,0,0,0,0,0,0,0,0,0,0,0,0,0,0,0,8,0,2,1,1,0,1,1,3,2,1,2,1,1,1,0,0,0,1,1,0,0,0,0,2,2,1,1,4,4,8,1,2,0,0,0,3,0,0,0,0,0,2,0,0,0,2,2,2,1,3,3,1,0,0,3,1,1,1,2,2,0,1,2,0,1,2,0,1,2,0,0,2,1,0,3,0,1,2,2,1,0,1,2,2,1,0,1,2,0,1,2,0,1,2,1,2,2,0,2,3,0,0,3,0,0,3,0,0,3,0,1,3,1,2,3,0,2,3,0,1,2,0,1,2,0,1,2,0,1,2,2,3,2,0,1,2,3,1,3,2,1,2,3,1
ThitsarArman,10,12,6,5,22,2,3,1,4,0,0,1,3,0,1,6,6,5,2,2,1,4,2,0,4,1,1,1,0,0,1,4,4,5,6,4,4,5,6,3,4,5,1,2,2,0,-2,1,0,1,1,1,1,5,4,1,0,5,3,3,1,4,2,0,0,3,2,0,0,4,5,4,0,2,4,2,1,0,0,0,1,0,0,1,0,0,0,0,1,0,1,1,1,0,0,0,0,0,0,0,0,0,11,2,3,1,2,1,1,2,5,4,2,3,3,2,4,0,2,1,1,0,0,0,0,2,3,5,4,0,4,7,11,2,3,1,2,5,1,2,0,0,1,1,0,0,0,1,4,6,3,0,6,3,2,0,3,3,4,0,0,4,2,1,1,4,1,1,5,0,0,5,1,0,6,0,0,6,0,3,3,5,1,2,1,3,2,2,2,3,4,1,4,5,1,5,5,1,6,6,0,6,6,0,2,4,0,0,4,2,0,6,0,3,4,3,6,4,0,6,6,0,0,4,2,0,6,0,3,4,2,5,6,0,5,6,1,3,4,5,3,4,5,3,4,5,4
Torino,11,20,8,10,31,3,6,2,6,1,2,1,4,1,1,10,8,7,3,2,1,7,4,3,5,2,2,2,0,0,3,7,8,9,10,5,6,7,8,5,6,7,2,3,2,0,-9,3,0,0,3,1,1,8,3,0,0,8,7,3,1,6,2,0,0,7,2,1,0,8,8,3,0,5,7,6,1,1,0,1,1,0,2,0,2,0,0,0,1,1,1,0,0,0,0,0,0,0,0,0,0,0,18,3,3,5,4,2,4,2,9,5,3,6,5,6,4,2,0,2,2,2,0,1,1,0,6,8,4,1,3,10,13,1,5,5,1,3,8,0,1,5,2,0,1,0,0,1,4,5,3,1,6,4,2,5,2,4,2,1,0,5,3,1,0,8,3,0,11,0,0,11,0,0,11,0,0,11,0,4,7,7,4,6,2,3,3,3,5,5,8,3,8,11,1,9,11,1,10,11,1,11,11,0,0,8,3,0,11,0,0,11,0,8,8,2,10,11,0,10,11,1,1,10,0,0,10,1,6,10,3,9,10,1,10,11,0,5,8,9,8,8,6,6,10,6,3
USMAlger,8,5,4,2,13,2,0,5,4,1,1,4,0,1,0,6,5,1,1,0,0,1,6,2,4,1,2,0,0,0,5,5,6,6,6,4,5,5,5,1,1,1,1,1,0,0,3,1,1,0,0,0,0,6,2,0,0,4,1,0,0,3,1,0,0,2,0,0,0,6,6,2,0,4,4,1,0,1,0,0,0,0,1,3,0,0,0,1,0,1,0,0,0,0,0,0,0,0,0,0,0,0,6,3,1,3,1,3,3,0,4,1,1,4,3,6,1,2,0,3,1,0,0,1,0,0,3,4,1,0,4,3,7,2,1,4,2,3,4,2,0,2,1,2,0,0,0,0,5,5,2,0,5,2,0,2,3,2,4,0,0,3,0,0,1,5,1,0,6,1,0,7,0,0,7,0,0,7,0,4,3,2,5,2,3,2,1,2,4,7,5,0,7,6,0,7,7,0,7,7,0,7,7,0,0,4,3,0,7,0,0,7,0,6,4,1,7,7,0,7,7,0,0,5,2,0,7,0,6,5,1,7,7,0,7,7,0,7,5,2,6,4,4,6,5,3,1
Udinese,11,16,5,5,27,3,4,4,6,0,3,3,3,1,1,11,8,5,2,1,0,7,4,3,6,2,2,3,0,0,6,9,10,11,11,6,7,8,8,4,5,5,2,2,1,0,-5,3,0,0,2,0,2,8,2,1,0,9,5,2,0,3,2,0,0,5,0,0,0,7,8,2,0,7,9,5,0,0,1,0,2,0,2,3,1,0,0,0,0,1,0,0,0,0,1,0,0,0,0,0,0,0,10,3,4,4,1,4,5,1,7,2,1,6,5,9,2,1,1,4,4,0,0,1,0,0,6,7,2,0,6,11,17,2,4,5,4,5,6,2,0,2,1,3,1,0,0,1,7,9,6,0,9,6,2,2,3,6,6,0,0,7,3,1,0,8,3,0,11,0,0,11,0,0,11,0,0,11,0,5,6,7,4,3,5,3,2,5,4,7,8,2,9,11,0,9,11,2,11,11,0,11,11,0,1,8,2,0,10,1,0,11,0,7,8,4,11,10,0,11,11,0,0,9,2,0,11,0,7,9,2,9,11,1,10,11,1,7,8,7,7,8,7,7,9,6,4
Umraniyespor,20,13,11,6,33,5,4,2,5,0,3,3,1,1,2,11,8,5,4,3,1,7,4,3,4,3,2,2,2,0,6,7,8,10,10,4,5,7,7,2,4,4,3,3,2,1,7,3,0,0,2,2,0,9,4,3,2,7,3,2,1,7,2,2,0,5,1,0,0,6,7,2,2,5,6,2,1,0,1,1,0,0,2,2,0,1,0,0,1,0,0,0,0,0,0,0,1,0,0,0,0,0,17,4,3,4,3,2,4,2,9,5,3,7,4,6,5,2,0,2,2,2,0,0,0,1,6,9,5,0,9,7,16,4,3,4,2,4,7,2,2,2,2,1,1,0,1,0,8,8,4,1,9,5,1,2,4,5,6,3,0,5,2,0,2,6,3,2,9,0,2,9,0,2,9,0,0,9,2,6,5,5,6,5,3,3,2,3,6,7,6,2,9,9,2,11,9,0,11,9,0,11,9,0,2,7,2,2,9,0,0,9,2,8,7,3,11,9,0,11,9,0,2,7,2,0,9,2,8,7,2,10,9,1,11,11,0,7,6,9,8,7,7,8,7,7,4
VansporFK,14,9,5,5,23,4,4,3,4,1,4,2,2,1,1,10,6,4,2,1,0,7,4,5,4,2,2,3,1,0,6,8,9,10,10,4,5,6,6,3,4,4,2,2,1,0,5,2,0,1,4,0,0,7,3,3,1,7,2,0,0,3,2,0,0,4,1,0,0,4,6,2,1,7,7,2,0,1,3,0,0,0,1,2,1,0,0,0,0,0,0,0,1,0,1,0,0,1,0,0,0,0,10,3,3,5,1,5,3,2,6,3,1,4,7,8,3,1,1,5,2,0,1,1,0,0,5,6,3,0,9,4,13,5,3,3,1,7,4,3,1,2,3,1,0,0,0,0,8,9,3,0,9,3,1,2,6,3,6,2,1,4,0,0,2,7,2,2,9,0,1,9,1,0,10,1,0,11,0,7,4,6,5,2,4,5,3,3,5,7,7,4,11,9,0,11,9,0,11,10,0,11,11,0,1,8,2,0,10,1,0,11,0,8,8,2,10,10,1,11,11,0,2,6,3,1,9,1,8,6,3,11,9,0,11,10,0,7,7,8,8,8,6,8,6,8,3
Verona,10,16,6,7,26,1,6,3,6,1,2,1,3,2,1,9,7,6,3,1,0,6,4,3,4,3,0,3,0,0,3,6,8,9,9,4,6,7,7,5,6,6,3,3,1,0,-6,0,1,0,5,0,1,6,3,1,0,9,5,2,0,5,1,0,0,5,1,1,0,5,6,3,0,7,9,5,0,1,2,0,1,0,0,1,2,0,0,0,0,1,1,0,0,1,0,0,0,0,0,0,0,0,13,2,3,5,3,3,3,3,7,4,1,3,7,6,3,1,1,3,2,2,0,0,0,0,6,6,3,1,4,9,13,1,5,4,3,5,5,1,0,2,3,2,1,0,0,1,7,8,4,0,8,4,1,2,4,4,4,0,0,7,2,0,1,9,0,0,9,1,0,10,0,0,10,0,0,10,0,3,7,7,3,3,1,6,2,5,3,4,9,5,9,9,0,9,10,1,10,10,0,10,10,0,1,8,1,0,9,1,0,10,0,7,8,2,9,9,1,10,10,0,0,9,1,0,10,0,5,9,4,9,10,1,10,10,0,4,9,7,7,8,5,5,9,6,5
Yadanarbon,17,10,10,3,27,3,0,2,5,0,0,0,0,3,1,5,5,5,5,2,1,1,4,0,0,4,0,0,0,0,0,0,3,4,4,0,3,4,4,3,4,4,4,4,1,1,7,1,1,0,0,0,0,5,5,3,1,5,4,1,0,5,4,1,0,3,0,0,0,2,4,4,1,4,5,4,0,0,0,0,0,0,0,0,0,0,0,0,0,2,0,0,0,1,1,0,0,0,0,0,0,0,13,5,0,0,3,0,1,1,5,4,3,3,2,1,3,1,1,0,0,0,0,2,0,0,2,4,3,1,7,7,14,2,2,1,3,2,3,0,0,0,1,1,1,1,0,0,3,4,3,1,5,4,2,0,1,4,3,2,1,5,2,0,2,2,1,1,3,1,1,4,0,0,4,1,0,5,0,5,0,2,3,3,2,0,0,3,2,5,2,0,5,3,0,5,4,0,5,4,0,5,5,0,2,0,3,0,3,2,0,5,0,5,0,0,5,3,0,5,5,0,1,3,1,0,4,1,3,3,1,4,4,1,5,5,0,5,2,3,5,0,5,3,3,4,4
YangonUtd,10,0,2,0,10,4,0,1,0,1,2,0,1,0,1,4,2,2,1,1,0,4,1,3,1,1,3,0,1,0,2,3,3,4,4,1,1,2,2,1,2,2,1,1,1,0,10,2,0,1,0,0,0,4,2,2,1,0,0,0,0,2,0,0,0,0,0,0,0,2,3,1,1,0,0,0,0,1,0,0,0,0,2,0,0,0,0,0,0,0,0,0,1,0,0,0,0,0,0,0,0,0,2,2,0,3,0,3,2,0,2,0,0,2,3,5,0,2,0,3,0,0,0,0,0,0,2,2,0,0,8,0,8,3,0,2,0,2,3,1,0,2,0,0,0,0,0,0,1,2,1,1,3,2,2,2,1,2,3,2,2,0,0,0,2,1,2,2,3,0,1,3,1,1,4,0,0,4,1,4,1,0,5,1,3,1,0,0,5,5,1,0,5,3,0,5,3,0,5,4,0,5,4,0,0,3,2,0,5,0,0,5,0,5,3,0,5,5,0,5,5,0,2,2,1,2,3,0,5,2,0,5,3,0,5,3,0,5,1,4,5,3,2,5,2,3,0
YarmanyaUnited,4,28,1,13,32,0,6,0,3,0,1,0,0,1,0,6,5,5,5,4,4,2,4,1,0,1,0,1,0,2,1,1,2,2,5,0,1,1,4,1,1,4,1,4,3,1,-24,0,0,0,1,0,0,3,1,0,0,6,5,5,5,1,0,0,0,6,4,1,1,3,3,1,0,1,1,0,5,0,1,0,0,1,0,0,0,0,0,0,0,0,0,0,0,0,0,0,0,0,0,0,0,0,14,0,6,0,1,0,2,3,6,4,1,2,4,2,3,0,0,0,2,0,3,0,0,0,5,5,3,1,3,15,18,0,5,1,3,2,4,0,0,1,0,0,0,0,0,1,0,2,2,3,5,5,5,1,0,5,3,0,0,5,5,4,0,6,0,0,6,0,0,6,0,0,6,0,0,6,0,0,6,6,0,0,2,4,2,4,0,0,6,1,1,6,0,1,6,0,1,6,3,4,6,1,0,6,0,0,6,0,0,6,0,0,6,2,2,6,3,5,6,0,0,6,0,0,6,0,1,6,1,2,6,2,4,6,1,0,6,6,0,6,6,1,6,5,1
YoungLions,2,7,2,2,9,0,3,0,2,0,0,1,1,1,0,3,3,2,1,0,0,1,2,0,2,1,0,1,0,0,1,2,3,3,3,2,3,3,3,2,2,2,1,1,0,0,-5,0,0,0,1,2,0,2,0,0,0,3,3,1,0,2,0,0,0,2,0,0,0,2,2,0,0,2,3,3,0,0,0,1,0,0,0,0,1,1,0,0,0,0,0,0,0,0,0,0,0,0,0,0,0,0,4,0,0,3,2,1,0,2,2,2,0,0,3,1,2,0,0,1,0,2,0,0,0,0,2,2,2,0,0,5,5,0,3,0,0,1,2,0,0,0,1,0,2,0,0,0,3,3,2,0,3,2,0,0,1,2,0,0,0,3,2,0,0,3,0,0,3,0,0,3,0,0,3,0,0,3,0,0,3,3,0,2,0,1,0,2,1,0,3,1,1,3,2,3,3,0,3,3,0,3,3,0,0,3,0,0,3,0,0,3,0,3,3,0,3,3,0,3,3,0,0,3,0,0,3,0,0,3,1,1,3,2,3,3,0,0,3,3,3,3,0,0,3,3,2
